Series Name;ISO3;Country Name;1995;1996;1997;1998;1999;2000;2001;2002;2003;2004;2005;2006;2007;2008;2009;2010;2011;2012;2013;2014;2015;2016;2017;2018;2019;2020
Non-wood forest products: average value per hectare per year (current US$);DZA;Algeria;7.319768429;7.025318623;6.930688858;6.729356766;6.56679678;6.470646858;6.623609543;6.624992371;6.283667088;5.56662035;5.533155918;5.638865948;5.707776546;5.733673096;5.610065937;5.635532856;5.674593449;5.759207249;5.73782444;5.723453522;5.82764864;6.187688828;6.662931919;7.641757965;8.497803688;9.453389168
Non-wood forest products: average value per hectare per year (current US$);AGO;Angola;5.085309982;5.163412571;5.234627247;5.419989586;5.550932884;5.73398447;6.130494595;6.291496277;6.36597681;6.623950481;6.864741325;7.131335735;7.390570641;7.550675392;7.637155056;7.814471722;8.089170456;8.421675682;8.796704292;9.253323555;9.417401314;9.62753582;9.810827255;9.871952057;10.01944065;10.27905941
Non-wood forest products: average value per hectare per year (current US$);BEN;Benin;5.421188831;5.630289078;5.890162945;6.028774738;6.195427418;6.350676537;6.531812668;6.530160904;6.648963928;6.77819252;6.892349243;7.13693428;7.392740726;7.671793461;7.696397305;7.851609707;8.189273834;8.496528625;8.747189522;9.429920197;10.05609131;10.83241367;11.86499691;12.8834877;13.58107185;13.47475147
Non-wood forest products: average value per hectare per year (current US$);BWA;Botswana;3.726238966;3.839479446;3.946499825;4.05645895;4.205923557;4.510946274;4.61262989;4.68317461;4.807529449;4.963020802;5.208042622;5.430319786;5.628622532;5.792237759;5.937773228;6.057829857;6.213764191;6.374251842;6.544317245;6.712969303;6.813172817;7.119864464;7.420660019;7.597949028;7.896949291;7.885759354
Non-wood forest products: average value per hectare per year (current US$);BFA;Burkina_Faso;6.142170906;6.423919678;6.857563496;7.23666048;7.779570103;8.261105537;8.92358017;9.435038567;10.12382984;10.76943302;11.55888271;12.21316433;12.55729961;12.52565289;12.36440659;12.29101753;12.47348595;12.53833485;12.46172714;12.43404388;12.33918381;11.87428761;11.64345646;11.47418785;11.31408978;10.9819746
Non-wood forest products: average value per hectare per year (current US$);BDI;Burundi;7.490945339;7.781806469;8.154301643;8.472406387;9.036150932;9.603989601;11.24242973;12.65935326;13.68251228;14.54563427;15.02436543;15.5650444;16.03990555;16.37485504;16.23650932;16.12301636;16.20647812;15.99833488;15.5490799;13.76498032;13.05734921;12.67006683;12.89177132;13.34919167;14.13679504;16.08988571
Non-wood forest products: average value per hectare per year (current US$);CMR;Cameroon;6.588707447;6.765785694;6.9345994;7.112974167;7.304893494;7.537069321;7.831603527;8.062765121;8.293793678;8.601709366;8.955853462;9.262080193;9.557891846;9.745897293;9.86914444;10.04195213;10.38491154;10.73421001;11.1401329;11.44145393;11.65150452;11.8825388;12.27643299;12.70196724;12.88926506;13.17760754
Non-wood forest products: average value per hectare per year (current US$);CPV;Cape_Verde;10.67428398;10.87235165;11.04003143;11.20067596;11.43091202;11.73508835;12.02464008;12.21280003;12.3454504;12.54890156;12.93919182;13.30780697;13.61744976;13.78956318;13.78228474;14.07694721;14.49595737;14.78125191;15.11317158;15.44627857;15.6733036;15.79809189;16.09629059;16.44515991;17.62657738;18.23294449
Non-wood forest products: average value per hectare per year (current US$);CAF;Central_African_Republic;2.603670597;2.668367147;2.718843937;2.760690212;2.824911356;2.914322138;3.020549536;3.110745668;3.22031188;3.348408937;3.535041571;3.684487343;3.838338137;3.94679594;4.003798008;4.103956223;4.238405228;4.419360161;4.684009075;4.865015984;4.963649273;5.089962006;5.207859993;5.357647896;5.547421932;6.278903008
Non-wood forest products: average value per hectare per year (current US$);TCD;Chad;3.812392473;3.97107625;4.096935272;4.266444683;4.431471825;4.630637646;4.869879723;5.161340714;5.410971642;5.712739944;6.02933836;6.328807831;6.613862514;6.848371983;6.998978615;7.181893826;7.413243771;7.725524426;8.095477104;8.461119652;8.701643944;8.88947773;9.149349213;9.432118416;9.826170921;10.31721592
Non-wood forest products: average value per hectare per year (current US$);COM;Comoros;9.705050468;9.765830994;9.897040367;10.64721584;11.17321014;12.11107826;12.85370731;14.54383564;14.80662155;15.30485249;15.76284695;16.31541061;16.68652153;16.96627045;16.65337563;16.55674553;16.31930542;16.27322769;16.55356789;16.13229942;16.10609436;15.96844101;16.18524742;16.80808449;17.04262733;17.19117928
Non-wood forest products: average value per hectare per year (current US$);CIV;CÃ´te_d'Ivoire;7.63582468;7.806127071;7.865524292;7.873796463;7.842530251;7.761160851;7.529933929;7.604450703;7.790743828;8.125730515;8.415987968;8.719207764;8.96546936;9.092563629;9.082983971;9.122982025;9.234065056;9.195199013;9.154396057;9.064797401;8.875619888;8.362650871;8.136845589;8.279164314;7.8276124;6.706415176
Non-wood forest products: average value per hectare per year (current US$);COD;Democratic_Republic_of_the_Congo;4.252497673;4.335520744;4.440408707;4.520438194;4.634846687;4.818816662;5.055037498;5.250553131;5.441615105;5.692533016;6.003141403;6.293200016;6.579558372;6.870741367;7.08501482;7.33860445;7.68452692;7.992450237;8.192090034;8.409863472;8.61349678;8.878881454;9.209753036;9.497408867;9.727763176;9.661787033
Non-wood forest products: average value per hectare per year (current US$);DJI;Djibouti;6.707049847;6.748613834;6.901275635;6.95691061;7.013152122;7.097786903;7.253056526;7.296390057;7.472555161;8.193512917;8.856663704;9.616621017;10.23116398;11.19830322;12.62554741;14.75164604;15.76338577;16.45661163;18.01355743;19.00191307;19.77528763;20.684618;21.51892471;22.30722046;23.16919136;21.18179131
Non-wood forest products: average value per hectare per year (current US$);EGY;Egypt;3.878944874;4.688502312;4.845394135;4.926616669;5.37978363;5.560361385;4.455560207;4.671785355;4.572957993;4.76940012;3.412013054;3.51513648;3.622041941;3.682441473;3.732262135;3.990340948;4.159753323;4.320362568;4.360627174;3.789778233;3.782653809;3.869233608;3.961763382;4.010548115;4.082314968;4.135491371
Non-wood forest products: average value per hectare per year (current US$);GNQ;Equatorial_Guinea;9.180130959;9.476420403;9.746302605;9.923151016;10.18462086;10.57567883;11.20935154;11.51297379;11.74860573;12.04019928;12.23412609;12.31483746;12.22403431;12.05301285;11.63456631;11.53681755;11.59042835;11.82440376;11.92038441;11.95110416;12.03743935;12.23291874;12.39371681;12.13963127;11.89509392;11.82780552
Non-wood forest products: average value per hectare per year (current US$);ERI;Eritrea;3.918358326;4.115368366;4.320489407;4.95279932;5.692248821;6.180850506;6.4710145;6.690728188;6.919509411;7.21071291;7.550579548;7.921567917;8.263143539;8.622706413;8.941040993;9.249171257;9.572827339;9.774223328;10.21100616;10.7469635;11.34541225;11.41138363;11.66833973;12.15282917;12.32096291;12.3322916
Non-wood forest products: average value per hectare per year (current US$);ETH;Ethiopia;4.607599735;4.793159962;4.958796024;5.10818243;5.258696556;5.498147011;5.654960155;5.824472904;6.047201157;6.356803417;6.848225594;7.321073055;7.872592449;8.253587723;8.577925682;8.941303253;9.295913696;9.515226364;9.694402695;9.887829781;10.01621056;9.986617088;10.18058014;10.59704494;10.57369232;10.67548847
Non-wood forest products: average value per hectare per year (current US$);ATF;French_Southern_Territories;0.109483592;0.111488201;0.113410696;0.114687189;0.108135723;0.110585667;0.113077044;0.114839345;0.117105961;0.118401706;0.122114524;0.125882462;0.129284516;0.132784322;0.133635387;0.135241449;0.138051346;0.140633687;0.143096164;0.145771936;0.147230402;0.14870593;0.151528195;0.156358853;0.152037606;0.153869972
Non-wood forest products: average value per hectare per year (current US$);GAB;Gabon;4.6574893;4.737901211;4.833230019;4.898918152;4.981396198;5.114399433;5.409173012;5.663463116;5.900044441;6.095797062;6.396271229;6.690497398;6.927584171;7.113388062;7.204074383;7.348191261;7.534548759;7.703848362;7.883660793;8.073087692;8.220230103;8.30248642;8.614574432;8.976296425;9.189387321;9.665160179
Non-wood forest products: average value per hectare per year (current US$);GMB;Gambia;10.10432911;10.41063786;10.80755138;11.13941002;11.30525589;11.48713493;11.59535027;11.57007027;11.74966526;12.02313519;12.10229206;12.3661747;12.15671921;12.39570618;12.31176567;12.17432499;12.10615826;12.024436;11.3653698;11.08032894;11.18004131;11.3864851;11.78142834;12.0376358;12.40301418;12.57625008
Non-wood forest products: average value per hectare per year (current US$);GHA;Ghana;5.641605854;5.733104706;5.824155807;5.839222908;5.917620182;5.94719696;5.883950233;5.838532448;5.866142273;5.88696003;6.057808876;6.202035427;6.212451458;6.106277466;5.961806297;5.923326015;5.973484039;6.177669525;6.525094986;6.810255527;7.036249638;7.078899384;7.369394779;7.784347057;8.081110001;7.800204754
Non-wood forest products: average value per hectare per year (current US$);GIN;Guinea;6.340285301;6.516599655;6.682303429;6.808713436;6.997680187;7.243728638;7.544518948;7.774706841;8.028616905;8.359028816;8.761954308;9.197562218;9.564823151;9.904260635;10.11331177;10.33698463;10.69624424;10.94860268;11.01046467;11.10135841;11.18367481;11.26375484;11.47128487;11.69790077;11.68122005;11.36811829
Non-wood forest products: average value per hectare per year (current US$);GNB;Guinea-Bissau;9.39372921;9.65042305;9.939234734;10.13633823;10.3631258;10.6754694;10.84783173;11.01702976;11.25064182;11.51166534;11.47957802;11.5428915;11.5365448;11.69340611;11.7157793;11.7298584;11.78613853;11.70493507;11.42905807;11.41922092;11.55561543;11.65991306;11.88093472;12.14584351;12.4584322;12.70246029
Non-wood forest products: average value per hectare per year (current US$);KEN;Kenya;5.196175098;5.319987774;5.430343151;5.523737431;5.667185783;5.840032578;6.027381897;6.214679718;6.404376507;6.564180374;6.669965744;6.837166309;7.069820881;7.309449196;7.460191727;7.697146893;7.974882126;8.259100914;8.574055672;9.332420349;9.934105873;10.31483936;10.6650095;11.11140347;11.34496975;11.4473753
Non-wood forest products: average value per hectare per year (current US$);LSO;Lesotho;6.183590412;6.16718483;6.203962803;6.092188358;6.119463444;6.135297298;5.989161968;5.678770542;5.102505207;4.890133381;4.829001904;4.831436634;4.965337276;5.021973133;4.979906559;5.053440094;5.037416935;5.064955235;4.868886948;4.748596191;4.727719784;4.69978714;4.779076576;4.863772869;4.87391901;4.882192612
Non-wood forest products: average value per hectare per year (current US$);LBR;Liberia;8.009119034;8.25726223;8.477452278;8.539057732;8.636831284;8.714672089;8.789372444;8.910950661;9.058870316;9.124897957;9.112631798;9.075854301;9.13061142;9.27963829;9.411507607;9.669285774;10.00764656;10.32623482;10.54542351;10.73866844;10.81042957;10.84311676;11.0339365;11.30836487;11.52435875;11.06174278
Non-wood forest products: average value per hectare per year (current US$);LBY;Libya;4.803503513;5.090996265;5.245233059;5.60462141;5.839656353;6.022584438;6.495154858;6.816465378;6.976318359;7.261418343;7.530909538;7.792819977;8.298863411;8.577214241;8.663314819;8.857224464;9.071429253;9.300403595;9.555977821;9.850793839;10.01212978;10.42612171;10.65835571;10.9823885;11.17894268;11.16422272
Non-wood forest products: average value per hectare per year (current US$);MDG;Madagascar;2.757512569;2.842277765;2.929969311;2.974134445;3.027760506;3.119991064;3.289688826;3.470170736;3.633888721;3.837923288;4.100678444;4.412520885;4.737130165;5.001774311;5.252830982;5.584469318;6.003652573;6.398509502;6.88659811;7.277224541;7.52508688;7.8699646;8.327087402;8.625162125;8.886325836;9.0788517
Non-wood forest products: average value per hectare per year (current US$);MWI;Malawi;3.774580717;3.894043207;4.014303207;4.089010239;3.886458158;4.150388241;4.368415833;4.560139656;4.90490818;5.266009808;5.85399437;6.412699223;6.856318951;7.488082886;7.909538269;8.327116013;8.894809723;9.377606392;10.02391052;10.51189327;10.75614262;11.28502083;11.62253571;12.01374435;12.11528683;11.89694691
Non-wood forest products: average value per hectare per year (current US$);MLI;Mali;3.909584761;4.052752972;4.17079258;4.330262661;4.499854088;4.724808693;5.341162205;5.666903496;6.072541714;6.428212166;6.797795773;7.176548004;7.566307545;7.882582188;8.111617088;8.411395073;8.774891853;9.108187675;9.308633804;9.499314308;9.761366844;9.898758888;10.22149563;11.08515072;11.2145195;11.28665638
Non-wood forest products: average value per hectare per year (current US$);MRT;Mauritania;2.885276556;2.993305445;3.089056253;3.192372084;3.293306351;3.457674265;3.589137554;3.669529676;3.788116217;3.926390409;4.085686207;4.262384415;4.415926933;4.525818348;4.544202805;4.609473228;4.749746323;4.853733063;4.946959019;5.063365936;5.121982098;5.169651508;5.313938618;5.502729893;5.965791702;6.045200825
Non-wood forest products: average value per hectare per year (current US$);MUS;Mauritius;20.59942436;20.98027611;21.36765099;19.83857346;20.12850571;20.37520981;20.81464386;21.2148037;21.77184105;22.38453293;23.61013794;25.94513321;22.93728065;23.46905708;23.64443398;25.02931786;26.88900566;28.47965813;28.95468903;30.203022;30.78860855;31.1380024;31.71593094;32.49577713;32.95516205;33.35396194
Non-wood forest products: average value per hectare per year (current US$);MYT;Mayotte;0;0;0;0;0;0;0;0;0;0;0;0;0;0;0;0;0;0;0;0;0;0;0;0;0;0
Non-wood forest products: average value per hectare per year (current US$);MAR;Morocco;8.69141674;8.54557991;8.125852585;7.727224827;7.601381779;7.66437006;7.623893261;7.645694733;7.676526546;7.748847961;7.790486336;7.743338108;7.621814251;7.467011452;7.19346714;6.875141144;6.982326031;6.9652915;6.91569376;6.944756031;7.005749702;7.096925259;7.208925247;7.475324631;7.641639709;7.772289753
Non-wood forest products: average value per hectare per year (current US$);MOZ;Mozambique;3.872538805;4.038684368;4.233937263;4.422962189;4.646297932;5.000762939;5.356694221;5.67556715;5.979572296;6.338293552;6.81083107;7.321591854;7.771171093;8.102336884;8.311998367;8.536698341;8.856628418;9.144783974;9.341747284;9.604964256;9.786014557;9.96274662;10.16844559;10.45142269;10.6118536;10.54355907
Non-wood forest products: average value per hectare per year (current US$);NAM;Namibia;3.636434793;3.761238337;3.922107935;4.056146622;4.165431499;4.347905159;4.469687462;4.547615528;4.641305923;4.776693344;4.954641342;5.129052162;5.269225597;5.386454105;5.445836544;5.513394833;5.636701107;5.747001171;5.867521286;6.033555031;6.137523174;6.225993156;6.430339813;6.607972145;6.577832222;6.649494171
Non-wood forest products: average value per hectare per year (current US$);NER;Niger;5.566378117;5.801001549;6.003214359;6.056890965;6.351100445;5.832124233;6.226682663;6.512341976;6.782200336;7.122628689;7.654499531;8.13537693;8.410773277;8.699239731;8.881671906;9.153606415;9.583345413;9.998084068;10.34691429;10.68345642;10.89659214;11.19484043;11.4639473;11.95968914;11.65311241;11.60983086
Non-wood forest products: average value per hectare per year (current US$);NGA;Nigeria;6.880627155;7.283894062;7.70014286;8.044151306;8.327105522;8.793513298;9.047939301;9.50660038;10.01996708;10.71249962;11.07279873;11.56370258;12.07958126;12.40632725;12.51020622;12.74502087;13.15203667;13.44094181;13.64581108;13.8030386;13.9807024;13.91946793;14.16680717;14.54454803;14.69275093;14.44803143
Non-wood forest products: average value per hectare per year (current US$);COG;Republic_of_Congo;5.14765358;5.317193985;5.441287041;5.944850922;6.060237885;6.217355728;6.413451195;6.516778469;6.606561184;6.790344238;6.822562218;7.007798195;7.169577599;7.272090912;7.121865749;6.892635345;6.720180035;6.684412956;6.735650539;6.825277328;6.858437061;6.752257824;7.009321213;7.298184872;7.427350044;7.841777802
Non-wood forest products: average value per hectare per year (current US$);REU;Reunion;34.85723114;35.73480225;36.3315773;34.08584213;34.83575821;35.55456924;36.18732452;36.88554001;37.86515045;38.7899437;40.87705612;44.51086044;40.06628418;40.74414444;41.15824509;41.94231415;46.53513336;49.45156479;50.30465317;51.86820984;54.0675621;54.72998047;55.82204056;57.25336456;58.63267899;59.46043396
Non-wood forest products: average value per hectare per year (current US$);RWA;Rwanda;11.26265907;11.66942406;12.05619526;12.33723259;12.67511749;13.13942337;14.78217125;15.51581955;15.70714569;16.0805912;15.2810955;15.33274174;15.74944592;16.00074768;15.58338356;15.08166122;14.48077297;14.15758324;13.70409393;12.14500141;11.93107319;12.94321156;14.12900448;16.03495407;18.38229179;19.76282883
Non-wood forest products: average value per hectare per year (current US$);SHN;Saint_Helena;7.563981056;6.430891991;5.565364838;5.639625549;5.594485283;5.677490234;5.69413805;5.966311455;6.100677967;5.72371912;5.547865868;5.719049454;5.741206169;5.82015419;5.642621517;5.799890041;5.839630127;5.968793392;5.982389927;5.781321526;5.438511372;5.434400558;5.537539482;5.62597084;5.726605415;5.673449039
Non-wood forest products: average value per hectare per year (current US$);STP;Sao_Tome_and_Principe;8.47873497;8.739515305;9.046941757;9.131604195;9.640050888;9.95589447;10.5349493;9.406303406;9.381561279;10.27487183;10.78515148;11.56157684;12.05850887;12.68807793;13.1384306;13.37247181;13.52176094;14.24136829;14.48757172;14.65953922;15.6913805;15.86373711;16.20225143;16.38868713;16.70363235;17.07513618
Non-wood forest products: average value per hectare per year (current US$);SEN;Senegal;7.48581171;7.785813808;8.049061775;8.313584328;8.491829872;8.790727615;9.015406609;9.176212311;9.467311859;9.82098484;10.10292339;10.35281944;10.53568172;10.90416336;10.99516106;11.13969421;11.31660461;11.65900421;11.76143074;12.13161373;12.35697556;12.57417393;12.88984013;13.19480419;13.46829033;13.68985748
Non-wood forest products: average value per hectare per year (current US$);SYC;Seychelles;11.15538216;11.36713696;11.57370377;11.75605965;12.00901031;12.31469536;12.52244377;12.72854805;13.51476192;13.97563457;14.37198353;14.81254196;15.23760891;15.55055046;15.66277504;15.88203335;15.89975929;16.15027046;16.34920692;16.46478271;16.46604538;16.53538322;16.83445358;17.21925354;17.6494503;17.86216164
Non-wood forest products: average value per hectare per year (current US$);SLE;Sierra_Leone;6.678917408;6.930282116;7.209882736;7.459713459;7.707852364;8.074397087;8.434537888;8.715125084;9.055002213;9.301280975;9.519089699;9.420614243;9.400030136;9.382982254;9.291406631;9.309183121;9.443201065;9.541401863;9.66006279;9.732566833;9.747920036;9.809594154;9.975599289;10.18628407;10.35552216;10.52540398
Non-wood forest products: average value per hectare per year (current US$);SOM;Somalia;4.275057793;4.31538105;4.35903883;4.409395695;4.492205143;4.582371712;4.665596962;4.719897747;4.7933321;4.940788746;5.083761692;5.253050327;5.398018837;5.509483337;5.538262367;5.623027802;5.738999367;5.828280449;5.980123997;6.18751955;6.291966438;6.468682289;6.681061745;6.871423244;7.602104187;8.575230598
Non-wood forest products: average value per hectare per year (current US$);ZAF;South_Africa;6.569219589;6.659894466;6.730899334;6.782898426;6.889928341;6.98175621;7.067914963;7.156433582;7.24871397;7.376187325;7.50053215;7.657514572;7.705358505;7.64489603;7.482729435;7.448977947;7.544712067;7.569149494;7.287858009;7.248066902;7.276335239;7.2926898;7.317445755;7.432853222;7.383048534;7.011568069
Non-wood forest products: average value per hectare per year (current US$);SSD;South_Sudan;0.283403814;0.289214492;0.296042114;0.300495267;0.306998461;0.317276448;0.327032387;0.333203316;0.342372775;0.350783229;0.362200826;0.375455499;0.387373388;0.399357408;0.405281037;0.414675921;0.430766314;0.449122727;0.468805611;0.491583467;0.507956564;0.533993602;0.551244974;0.577832758;0.604960799;0.691905797
Non-wood forest products: average value per hectare per year (current US$);SDN;Sudan;5.380853176;5.510961533;5.655116558;5.764072895;5.882529259;6.060190201;6.190068245;6.292741299;6.387452126;6.595089436;6.75568676;6.955898285;7.24298048;7.352838516;7.375849247;7.545014858;7.848092556;8.216377258;8.776831627;9.29631424;9.739017487;10.01501369;10.46821213;10.9243288;11.70747089;11.51866722
Non-wood forest products: average value per hectare per year (current US$);SWZ;Swaziland;4.58281374;4.50751543;4.484413147;4.447003841;4.458599091;4.536334515;4.54973793;4.664831161;4.760496616;4.794854164;4.958257198;5.267037392;5.304950237;5.388858795;5.426691055;5.517559528;5.617954254;5.659798145;5.696117401;5.829622746;5.977323532;6.076952457;6.279446125;6.522362709;6.709592342;6.850503922
Non-wood forest products: average value per hectare per year (current US$);TZA;Tanzania;2.506982327;2.607011318;2.700591564;2.768800497;2.836235046;2.965930223;3.157329082;3.265715599;3.428052187;3.612960339;3.826177835;4.054036617;4.312393665;4.527731419;4.677226543;4.817437172;5.004095554;5.243533134;5.531299591;5.836503506;6.04863596;6.269070625;6.455800056;6.683258057;6.91391325;6.900554657
Non-wood forest products: average value per hectare per year (current US$);TGO;Togo;4.932830334;5.063768864;5.159830093;5.275578022;5.262505054;5.31926775;5.297950745;5.400063515;5.594200611;5.806625843;5.860786915;6.172483921;6.402452469;6.754410744;7.020334244;7.563157082;8.328561783;9.046147346;9.794934273;10.47759533;11.08404922;11.70392704;12.58312988;13.45184326;14.15121937;14.60594177
Non-wood forest products: average value per hectare per year (current US$);TUN;Tunisia;6.361136436;5.278368473;5.12369585;4.940351486;5.067395687;5.198130131;5.198625565;5.271513462;5.421922207;5.518101692;5.676028728;5.85097599;5.928516388;5.964861393;5.816142559;5.675656796;5.586481094;5.51343441;5.403839111;5.40456152;5.486564636;5.634530544;5.821792603;6.064299107;6.356637478;6.918809414
Non-wood forest products: average value per hectare per year (current US$);UGA;Uganda;6.967476845;7.169219017;7.361553669;7.527598858;7.737961769;7.975273132;8.714021683;9.003517151;9.10926342;9.179028511;9.248143196;9.335988998;9.367733002;9.454888344;9.398507118;9.387597084;9.566313744;9.756824493;10.05596924;10.3785305;10.79826546;11.45773697;12.30966187;13.31389904;14.28417015;14.7671814
Non-wood forest products: average value per hectare per year (current US$);ZMB;Zambia;4.117499352;4.240246296;4.371207237;4.471624851;4.564487934;4.712964058;4.898835182;5.050418854;5.205668449;5.425172806;5.712194443;5.958573818;6.204611301;6.430339336;6.583235741;6.715609074;6.92081213;7.149530411;7.506568432;7.868971825;8.160596848;8.625567436;9.14106369;9.5245924;9.962545395;10.19161129
Non-wood forest products: average value per hectare per year (current US$);ZWE;Zimbabwe;11.16080761;11.53731537;11.89073086;12.12588406;12.4267807;12.76836777;13.04623795;13.25864887;13.52624416;13.89334869;14.27949715;14.84383965;15.2019701;15.32288074;15.43212986;15.63924217;16.16628265;16.51434326;16.7133522;17.11968613;17.50522041;18.08524323;18.75638008;19.4654808;19.89294624;20.25017166
Non-wood forest products: average value per hectare per year (current US$);SGS;South_Georgia_and_the_South_Sand;0;0;0;0;0;0;0;0;0;0;0;0;0;0;0;0;0;0;0;0;0;0;0;0;0;0
Non-wood forest products: average value per hectare per year (current US$);AFG;Afghanistan;5.155948162;5.380999088;5.639077663;5.861559391;6.125370502;6.51752615;7.28138113;7.729382992;6.947207928;6.788048744;7.474235535;8.282616615;9.170508385;10.19304371;11.04947376;11.57442951;11.45514297;11.43951607;11.91322899;12.36208916;12.67750263;13.0606699;13.4696312;13.89197731;14.17833424;14.50125504
Non-wood forest products: average value per hectare per year (current US$);ARM;Armenia;2.752537966;2.782546759;2.725124359;2.720917702;2.763546944;2.754472733;2.780555248;2.810581923;2.8526721;2.930091619;3.049287558;3.12400794;3.174336672;3.316206932;3.189691782;3.173759222;3.222473383;3.23878336;3.30412817;3.28203392;3.328994751;3.352757454;3.415400267;3.493547201;3.559285402;3.613971949
Non-wood forest products: average value per hectare per year (current US$);AZE;Azerbaijan;3.913515806;3.94535923;3.924129963;3.820739746;3.711785078;3.608703136;3.439936399;3.360667706;3.355227709;3.386874437;3.387033701;3.383793592;3.417825937;3.475563765;3.506542206;3.475293159;3.511378765;3.585659504;3.63278079;3.616361618;3.640574932;3.696616173;3.741213799;3.788832188;3.881678343;3.940848827
Non-wood forest products: average value per hectare per year (current US$);BHR;Bahrain;8.337706566;8.422289848;8.490512848;8.948897362;9.38282299;8.942142487;8.842589378;9.002371788;9.689536095;9.81562233;10.06462097;10.16707516;10.59999752;11.0907383;11.44354248;13.3907814;14.41980362;14.60934162;14.671978;14.86973;14.10411644;13.92308617;14.05873489;14.27439976;14.42410088;15.58553696
Non-wood forest products: average value per hectare per year (current US$);BGD;Bangladesh;17.49483109;17.79182434;17.95468521;18.09464836;18.32236862;18.76374245;19.00562286;18.11961365;18.28803253;18.10344696;18.24505806;17.811203;17.37382126;17.30978775;17.02956963;16.95591927;17.0658226;17.0282383;16.2491188;14.95455933;14.54748535;14.60823441;14.79265881;15.06848431;15.28679085;15.2719059
Non-wood forest products: average value per hectare per year (current US$);BTN;Bhutan;10.85756588;11.13293839;11.39387894;11.59451485;11.87384224;12.3085022;12.81664944;13.30684566;13.58432102;13.82764053;14.07813549;14.09405804;14.44706821;14.7694664;14.73317051;14.7695179;14.87321281;14.99747562;15.16364098;13.4278841;13.28902149;13.35051346;13.47352219;13.57039738;13.63042068;13.56250668
Non-wood forest products: average value per hectare per year (current US$);BRN;Brunei;4.260859489;4.53074789;4.743626595;4.976682663;5.156229973;5.345689297;5.616435051;5.84691143;6.104673862;6.423936367;6.82294178;7.119895935;7.345580578;7.499978065;7.765674114;8.000185966;8.247997284;8.473698616;8.557411194;8.656851768;8.710781097;8.674684525;8.753712654;8.944765091;9.043288231;9.056015015
Non-wood forest products: average value per hectare per year (current US$);KHM;Cambodia;5.712734222;5.833171368;5.992656231;6.156843662;6.438943386;6.804692745;7.345346451;7.840314865;8.105295181;8.304333687;8.864927292;9.643797874;10.36596584;10.64727592;10.43898201;10.17051315;10.66846848;11.3883152;11.94284058;12.20224762;12.4920578;13.21752357;13.81088543;14.51936913;15.10901833;15.58782673
Non-wood forest products: average value per hectare per year (current US$);CHN;China;14.54766846;14.76369762;14.96617699;15.03655338;15.1552372;15.41351891;15.43732738;15.29891586;15.25250816;15.46783829;15.66996384;15.81670666;15.92360973;15.97420502;15.85003567;15.8500433;16.01321983;16.11457253;16.16657257;16.28759575;16.38573647;16.55373192;16.623909;16.90426826;17.18752289;17.31830025
Non-wood forest products: average value per hectare per year (current US$);CXR;Christmas_Island;32.10937119;32.69728088;33.26111603;33.6354866;34.14213943;34.91566849;35.70228577;36.25870132;36.28318787;37.10055542;38.67325974;39.86655045;40.94397354;41.72925568;42.05839539;42.38057709;42.82263565;43.62366104;44.38750839;45.21751404;45.66992188;46.12761688;47.27005768;48.16697693;49.02856064;49.61945343
Non-wood forest products: average value per hectare per year (current US$);CYP;Cyprus;17.71335983;18.83066559;19.42469788;20.10521698;21.00655365;21.58281136;21.89357758;21.74026108;22.0266304;22.64353752;23.35251999;24.32683182;25.16517639;25.88603592;26.15303993;26.43481255;26.95765305;27.37425995;26.83320045;26.27650642;25.96315384;26.32391739;26.10823822;26.24352837;26.7456131;27.02245331
Non-wood forest products: average value per hectare per year (current US$);TLS;East_Timor;8.644593239;9.019774437;9.33071804;9.603704453;10.04370308;10.48267841;10.77518272;11.00752258;11.17794704;11.47031879;11.85001469;12.21686172;12.45673275;12.74938869;12.95625973;13.25912666;13.62274551;13.91419601;14.31194496;14.71808243;14.74573803;15.25449944;15.65632343;16.19737244;16.35764694;16.64437103
Non-wood forest products: average value per hectare per year (current US$);GEO;Georgia;2.680290937;2.706269026;2.749640703;2.765206814;2.817990065;2.934283495;3.006502867;2.980609179;3.010992765;3.035526037;3.025402546;3.102168322;3.221567869;3.211386204;3.20997262;3.247953415;3.297311783;3.325189114;3.372483969;3.414316177;3.456953764;3.471563101;3.538680792;3.6240592;3.713709831;3.71962285
Non-wood forest products: average value per hectare per year (current US$);HKG;Hong_Kong;23.06410408;24.21430016;23.59148788;22.85460663;25.20386887;23.00630379;23.179636;21.08830833;20.55602264;20.56882668;21.07352448;21.68526077;22.26649094;22.99707603;23.32884026;23.90678215;24.8167057;25.37496567;26.14724731;26.86468697;27.13266373;27.34762955;28.18628311;28.85072899;29.3987999;29.74988174
Non-wood forest products: average value per hectare per year (current US$);IND;India;15.39073849;15.64796162;15.89342785;15.9909296;16.15022659;16.40856171;15.50696945;14.9396677;14.74219799;14.58040619;14.74200249;14.91034603;14.94388485;14.78201962;14.5429945;14.51717949;14.6221714;14.69806576;14.25364304;13.76500702;13.55698681;13.58755398;13.65827751;13.79991436;13.85891342;13.85193634
Non-wood forest products: average value per hectare per year (current US$);IDN;Indonesia;4.32258606;4.397490025;4.477445602;4.579284191;4.6772089;4.818196297;4.941661358;5.031906128;5.183241367;5.362145424;5.551872253;5.770608425;6.007351875;6.212586403;6.3385849;6.496767044;6.726905823;6.919547558;7.131081581;7.299126148;7.409917831;7.565790653;7.790458202;8.017703056;8.188134193;8.239437103
Non-wood forest products: average value per hectare per year (current US$);IRN;Iran;7.679012775;7.735006332;7.763756275;7.777243614;7.86519146;7.996015072;8.200492859;8.339278221;8.517116547;8.746537209;8.233197212;8.076704979;7.232208252;6.969164371;6.666182995;6.798837662;6.97220993;7.023786545;7.084467411;7.024082184;6.961228848;7.065193653;7.027561665;7.028902054;6.935099125;7.079151154
Non-wood forest products: average value per hectare per year (current US$);IRQ;Iraq;7.622228146;7.882715702;8.093811989;8.261145592;8.245984077;8.24554348;7.220892429;7.290803909;7.319001198;7.393280983;7.215810299;7.096324444;6.815473557;6.521549702;6.328432083;6.746082783;6.954269409;7.283527851;7.425507545;8.119989395;8.173307419;8.18235302;8.14672184;8.461860657;8.461165428;8.323637009
Non-wood forest products: average value per hectare per year (current US$);ISR;Israel;20.44290543;21.64060211;21.54730415;21.915802;22.4824276;22.65536118;22.09686661;21.61992073;22.76306152;24.82677269;26.22049332;29.99990654;32.67839432;35.84088898;37.5209198;40.52284241;44.77238846;47.43373871;48.72312164;49.02127075;48.17118835;49.06907272;48.16897964;49.72542572;50.99080658;51.92244339
Non-wood forest products: average value per hectare per year (current US$);JPN;Japan;20.87361336;21.08246613;21.33133316;21.4777565;21.72459793;22.17181206;22.66746521;22.97112846;23.41269112;24.02584267;24.76210213;25.30290985;25.59272385;25.74868965;25.63839912;25.74811935;26.07383919;26.25527573;26.56991386;26.88796997;27.09419823;27.30031586;27.74804497;28.37106514;28.8164711;29.17100716
Non-wood forest products: average value per hectare per year (current US$);JOR;Jordan;7.533075809;7.733277798;7.931469917;8.042925835;8.380532265;8.950087547;9.265670776;8.947748184;8.937291145;8.844023705;8.913461685;9.15674305;9.506955147;9.606246948;9.690281868;9.914999962;10.45265198;10.92445278;12.02930832;12.03178787;13.01521015;15.04105377;17.64934731;19.42323303;20.80752563;21.40370178
Non-wood forest products: average value per hectare per year (current US$);KAZ;Kazakhstan;3.305725336;3.379701138;3.454311132;3.499525309;3.583851814;3.668412685;3.900388241;3.996370316;4.02307415;3.973144054;4.013076782;4.128787518;4.239904404;4.260279179;4.276931286;4.28583622;4.35963726;4.414414883;4.48878479;4.484684944;4.465137959;4.414421558;4.404156208;4.470095634;4.434682846;4.47110033
Non-wood forest products: average value per hectare per year (current US$);KGZ;Kyrgyzstan;3.082888126;3.153091908;3.181719542;3.202790499;3.241021156;3.332417965;3.481539011;3.185397148;2.493446112;2.194948673;2.02907896;2.03939867;2.060720444;2.070944071;2.073046446;2.115181684;2.164116621;2.184700012;2.196813107;1.983644247;2.010176182;2.018379927;2.052890539;2.104940891;2.14073801;2.184206247
Non-wood forest products: average value per hectare per year (current US$);LAO;Laos;5.612503052;5.714208126;5.819972515;5.881468773;5.979985237;6.130502224;6.25162077;6.225700855;6.219268322;6.330187321;6.486724854;6.657204151;6.670088291;6.591039181;6.509273052;6.533541679;6.542375088;5.941325188;5.790391922;5.764971733;5.570692539;5.65849781;5.675967216;5.798612118;5.922660828;6.003260136
Non-wood forest products: average value per hectare per year (current US$);LBN;Lebanon;7.000322342;7.006588936;6.857185364;6.827145576;6.770030975;6.99507618;7.097734451;7.398880959;7.755696297;8.21423912;8.959104538;12.51325893;14.22089958;16.74089432;19.23266602;20.29756927;21.14991951;20.76500893;20.72793007;20.80888557;21.08612442;21.56859016;21.98532867;22.62798119;23.29821587;23.83203697
Non-wood forest products: average value per hectare per year (current US$);MAC;Macao;29.19268036;29.72719002;28.92002678;29.2455349;29.65766907;30.32959938;27.61331177;28.04366302;28.59716606;29.36522293;29.91834068;30.8414917;31.67500305;32.28251266;33.10816193;33.50605774;34.47044754;35.11523819;35.96068192;36.86951447;37.23839951;37.61159897;38.32542419;39.24102402;39.94294357;40.42433929
Non-wood forest products: average value per hectare per year (current US$);MYS;Malaysia;3.148727417;3.29536891;3.42377162;3.562091827;3.816081762;4.11820507;4.375892162;4.552522659;4.81184864;5.192388535;5.625599861;6.010075092;6.312689304;6.556159496;6.758211136;6.928018093;7.186756134;7.3607831;7.456841946;7.673161983;7.802538395;7.816492081;7.959957123;8.170680046;8.383738518;8.501063347
Non-wood forest products: average value per hectare per year (current US$);MNG;Mongolia;1.333358884;1.357929349;1.381853461;1.39171052;1.401305318;1.420666218;1.442954779;1.46000278;1.461344361;1.496768713;1.541767955;1.587212205;1.628704667;1.664622903;1.67386961;1.691750765;1.733541608;1.772943377;1.771117568;1.806084633;1.817038178;1.848951936;1.888826609;1.940371513;1.985740185;2.004009008
Non-wood forest products: average value per hectare per year (current US$);MMR;Myanmar;6.45595789;6.566540241;6.69479847;6.80105257;6.884167671;7.03805685;7.179428101;7.234090328;7.256007195;7.302530289;7.341974258;7.303279877;7.421274662;7.503341675;7.498509884;7.577979565;7.762259007;7.887770653;7.868659496;7.943371773;7.932466507;8.072533607;8.136212349;8.323471069;8.494494438;8.584633827
Non-wood forest products: average value per hectare per year (current US$);NPL;Nepal;18.22820663;18.47374725;18.69053268;18.81003189;18.9224472;19.26378822;18.31715393;18.16731071;18.06697655;18.17508507;18.43538284;18.59293365;18.48532867;18.23163033;17.64114761;17.18839645;16.65493011;16.19809532;15.70241737;15.01927376;14.33606911;14.079216;13.73810673;13.70452213;13.67579365;13.59562111
Non-wood forest products: average value per hectare per year (current US$);PRK;North_Korea;25.57926559;25.66941452;25.81881714;25.91373253;25.91173363;26.31304359;26.68528557;26.93424416;27.39122581;28.02027702;28.55693817;29.10704231;29.65810776;29.97224808;29.91786385;30.05682945;30.41497993;30.67795563;30.67120552;30.32533264;30.318367;30.56012726;31.06807327;31.70265198;32.03866577;32.46374512
Non-wood forest products: average value per hectare per year (current US$);OMN;Oman;6.102846622;6.123440742;6.026752949;6.083773613;6.264616489;6.620326996;6.807178974;7.006138802;7.171991348;7.506954193;8.363941193;8.765658379;9.074197769;9.308929443;9.39897728;9.531370163;9.791917801;9.812726974;9.820547104;9.874902725;10.39311314;9.872869492;10.01271534;10.84804535;11.04717445;11.15882874
Non-wood forest products: average value per hectare per year (current US$);PAK;Pakistan;12.01134682;12.5824976;13.18187428;13.68257332;14.23815727;14.89899921;14.87476158;15.44205284;14.77665615;13.8635416;14.54451466;15.24722195;15.49040318;15.5224781;15.44908905;15.7607069;16.16971207;16.53053856;16.68548012;16.93797493;17.10514069;17.36883926;17.36853409;17.59134293;17.70400429;18.02902412
Non-wood forest products: average value per hectare per year (current US$);PSE;Palestina;10.50521469;10.54004192;10.70411491;10.7386198;10.89359188;10.95112419;10.89969349;10.75035763;10.98119545;11.53424263;13.1966486;14.83794498;17.71062088;19.70193672;21.01468849;22.63884735;24.64517784;25.67021561;25.76240349;25.70470428;24.33364868;24.52987862;24.24542809;24.98963547;25.6248703;26.84495354
Non-wood forest products: average value per hectare per year (current US$);PHL;Philippines;16.47765541;16.87459373;17.2155056;17.3931179;17.7108326;18.21657944;18.78999519;19.14967537;19.56733322;20.07573318;20.86630249;21.509758;22.10168648;22.45043182;22.69273758;23.07489395;23.60841179;23.82454491;23.34153938;22.57910919;21.88232994;21.85527039;22.16935158;22.61178398;22.93226624;23.01621628
Non-wood forest products: average value per hectare per year (current US$);QAT;Qatar;4.625310421;4.735918522;4.822383404;5.004223347;5.452144146;5.876569271;6.39145422;6.594055653;6.756514549;7.085595131;7.256939888;7.069409847;6.788193703;6.814920425;6.94392252;7.302050591;8.423871994;9.420875549;10.6131773;12.7793684;13.73652363;13.4723587;13.49356461;13.79437733;13.4476738;13.43849659
Non-wood forest products: average value per hectare per year (current US$);SAU;Saudi_Arabia;7.848135948;7.91973114;7.384885311;7.246932507;7.101228714;7.122087955;7.207707405;7.434719563;7.662771702;8.199381828;8.500460625;8.833595276;9.412124634;10.24847889;10.52321529;10.76623917;11.5139246;12.2188139;13.21758747;13.68503761;14.01103592;14.35696602;14.66213608;15.06779099;15.23257542;15.09448338
Non-wood forest products: average value per hectare per year (current US$);SGP;Singapore;22.70358276;23.1541214;23.85158539;22.27086067;21.3234024;16.01233292;17.39975548;17.33453178;17.50039291;16.74483681;16.84886742;17.18626976;17.31585312;19.02758217;18.8228035;19.63321495;20.90624428;26.44268417;30.13541031;46.32836914;48.54079819;52.38291931;54.04470062;56.13037109;58.02800751;60.48409271
Non-wood forest products: average value per hectare per year (current US$);KOR;South_Korea;24.95111656;24.94669151;25.14198875;25.20135689;25.03546333;25.49596786;26.00779533;26.37975502;26.87022018;27.57667542;28.41703606;29.18519211;29.64217567;29.86445236;29.65390778;29.52921104;29.32948303;28.7949276;27.70894051;25.48650742;25.50204086;25.44571114;25.72877121;26.23723984;26.53101921;26.65980721
Non-wood forest products: average value per hectare per year (current US$);LKA;Sri_Lanka;15.94656372;16.23180771;16.59175301;16.69776917;17.01801872;17.3487606;17.72592163;17.97716904;18.37508774;18.93095398;19.60127068;20.09873962;20.55443192;20.7621727;20.58839226;20.72527885;21.1219902;21.63131142;21.69670486;21.03032303;20.67726326;20.76349449;20.94443703;21.15491295;21.39068031;21.46498489
Non-wood forest products: average value per hectare per year (current US$);SYR;Syria;12.35592937;12.62151718;12.51563168;12.40335274;12.29601288;12.2244482;12.09707737;12.19030762;12.55809116;13.12414265;13.52367973;14.30152416;15.00023079;15.36038399;15.87246037;16.97379875;18.32625389;19.60352898;20.40188217;21.83840752;22.78682518;24.77907753;26.92204285;30.06064034;32.93206787;35.0229454
Non-wood forest products: average value per hectare per year (current US$);TWN;Taiwan;24.38486481;24.73253822;25.08554459;25.408144;25.6024704;26.23990631;25.94988823;24.57172966;23.1217289;23.56955719;24.08283615;24.76745796;25.41168594;26.02241135;26.00681686;26.35494995;26.89871216;27.33981133;27.78896332;28.35470772;28.53956413;28.78529167;29.3752861;30.01074409;30.58568382;31.02387238
Non-wood forest products: average value per hectare per year (current US$);TJK;Tajikistan;3.15585351;3.205249548;3.328285456;3.407929182;3.541193247;3.634041548;3.941524267;2.714427948;2.728250027;2.546354294;2.521544218;2.592767239;2.628365993;2.740793228;2.764880419;2.800076962;2.803732157;2.789324522;2.778528214;2.725652456;2.749366999;2.830641747;2.93572855;3.083468199;3.185914516;3.257288694
Non-wood forest products: average value per hectare per year (current US$);THA;Thailand;8.19260788;8.328350067;8.476758957;8.591956139;8.765317917;9.028571129;9.369385719;9.700722694;9.443539619;9.404517174;9.373071671;9.590628624;9.831560135;10.0084486;9.989794731;10.07801914;10.32144165;10.51008511;10.78285027;11.05909061;10.88057709;11.15676498;11.51057053;12.04435825;12.41789818;12.69517231
Non-wood forest products: average value per hectare per year (current US$);TUR;Turkey;4.906400681;4.929338455;4.939459324;4.887111187;4.816329002;4.75833559;4.778370857;4.789151192;4.866581917;4.991018295;5.108473301;5.292927265;5.47880125;5.623382092;5.655055523;5.774279594;5.986715317;6.2339921;6.478880882;6.690452099;6.905596733;7.194010258;7.537871838;7.795250416;8.125390053;8.419840813
Non-wood forest products: average value per hectare per year (current US$);TKM;Turkmenistan;5.827461243;6.102559566;6.279976845;6.438799858;6.818744659;7.154118538;7.827212811;8.232872963;8.608422279;9.483164787;10.01565075;10.37221622;10.63843155;10.81717014;10.81459045;10.74686241;10.46252346;10.50152397;10.07078171;9.976119041;9.962322235;10.12930584;9.801288605;9.008452415;8.717705727;8.786952972
Non-wood forest products: average value per hectare per year (current US$);ARE;United_Arab_Emirates;4.892422199;5.260092258;5.758642197;5.653942585;5.622879982;5.804027081;6.120539665;6.365132809;6.596761227;6.871308804;7.154686928;7.952044964;7.902173996;8.099084854;8.090811729;8.232977867;8.689923286;8.876819611;9.341682434;9.536860466;9.613593102;9.487714767;9.406292915;9.541385651;9.418578148;9.38459301
Non-wood forest products: average value per hectare per year (current US$);UZB;Uzbekistan;3.250925064;3.537680626;3.791269779;3.969079494;4.325003147;4.526965141;5.032331944;3.143776655;3.182633877;2.833493471;2.757203817;2.8272717;2.874108315;2.960618734;3.032263994;3.016915321;3.016703606;2.991643667;2.926070929;2.90596962;2.903809547;2.853471756;2.877545357;3.037876129;3.02868247;3.078630686
Non-wood forest products: average value per hectare per year (current US$);VNM;Vietnam;9.742623329;10.01329803;10.27531052;10.43632126;10.64445686;10.8862381;11.25247955;11.68905735;11.87849903;12.31909084;13.00104332;13.32963848;13.73974419;14.24478245;14.63847065;15.01225758;14.92151833;14.20202827;14.15416813;14.20810032;14.34479046;14.71631241;14.89221764;15.12444782;15.53842354;15.79275513
Non-wood forest products: average value per hectare per year (current US$);YEM;Yemen;20.1593914;20.69141388;21.19447327;21.31599236;21.9107399;22.74687386;23.60064697;24.21811295;25.04295731;27.26856041;29.1174469;31.21518517;35.46067429;38.88504028;40.75756073;43.74483871;46.09235001;49.02871704;54.92179489;56.51021194;56.83642197;57.68847275;59.36087799;61.23736191;62.71699142;59.05276871
Non-wood forest products: average value per hectare per year (current US$);ALB;Albania;3.130914927;3.143534899;3.197481871;3.126444817;3.156708241;3.225732088;3.232347488;3.295648813;3.319253922;3.357226372;3.431737661;3.509666204;3.558380604;3.588870525;3.567681074;3.57782197;3.607050657;3.6213305;3.666502237;3.690454245;3.700776577;3.731647491;3.814264059;3.867363214;3.930899382;4.015360832
Non-wood forest products: average value per hectare per year (current US$);AND;Andorra;9.473464012;10.24985313;10.51992989;13.32471657;10.04266834;10.16019154;9.96872139;9.554891586;9.855083466;10.55804443;11.39700508;11.87805653;12.42051125;12.60069752;12.58834743;12.74210072;13.09020615;12.97111607;13.17886257;13.42297745;13.59242916;13.82933521;14.33300972;14.56743813;14.64000893;14.78627682
Non-wood forest products: average value per hectare per year (current US$);AUT;Austria;14.3557663;14.76367283;15.12863159;15.41296291;15.71284866;16.10188293;16.68221283;17.03612137;17.3945179;17.95971489;18.50914001;19.1361618;19.69423866;20.08602333;20.2631588;20.5783062;21.09523964;21.50310326;21.99644279;22.46332932;22.7796154;23.07253075;23.63912201;24.27759361;24.83220482;25.26106644
Non-wood forest products: average value per hectare per year (current US$);BLR;Belarus;2.678857088;2.719568253;2.73776269;2.756557465;2.75140214;2.779666901;2.708333969;2.630143404;2.593488216;2.65820384;2.722630739;2.793551922;2.86234498;2.917134523;2.915724754;2.951825142;3.008524656;3.051848888;3.115024567;3.15252018;3.194594383;3.199903965;3.253372431;3.32698822;3.381029129;3.417576551
Non-wood forest products: average value per hectare per year (current US$);BEL;Belgium;28.71287346;29.44313049;29.8275032;30.2400074;30.41659737;31.1212101;31.79937363;32.48882675;33.00210953;33.81360626;34.7846756;35.84460831;36.778759;37.52466202;37.77551651;38.12065887;38.86209869;39.57062531;40.22177887;40.89279556;41.2619133;41.61672211;42.37234879;43.34568405;44.21505356;44.78339386
Non-wood forest products: average value per hectare per year (current US$);BIH;Bosnia_and_Herzegovina;3.295567036;3.338167906;3.401206732;3.402016163;3.436540604;3.491671562;3.567841053;3.617917299;3.683933258;3.810970783;3.901324511;4.015921116;4.077683926;4.208560467;4.163381577;4.207619667;4.305440426;4.363544464;4.463408947;4.512400627;4.552735806;4.590598583;4.668896198;4.773257732;4.859498024;4.934495926
Non-wood forest products: average value per hectare per year (current US$);BGR;Bulgaria;3.336001396;3.437257528;3.49745822;3.510729551;3.534421444;3.62054944;3.679620028;3.738808632;3.824410677;3.920471668;4.04570055;4.15220356;4.266310215;4.354980946;4.388789177;4.425885677;4.536922455;4.627342701;4.753518581;4.966794491;5.215890408;6.355105877;7.790101528;8.953887939;9.968820572;10.70775414
Non-wood forest products: average value per hectare per year (current US$);HRV;Croatia;4.376118183;4.48567915;4.537714481;4.61494112;4.608413696;4.698374748;4.795297146;4.860354424;4.989499569;5.222575188;5.375749588;5.563487053;5.762286663;5.887394905;5.902443409;5.9991045;6.135528088;6.250625134;6.380493164;6.537530899;6.677157402;6.701534271;6.867152214;7.03874588;7.237477303;7.335484028
Non-wood forest products: average value per hectare per year (current US$);CZE;Czech_Republic;11.90679455;12.18992901;12.46166039;12.53239059;12.69506741;12.90536308;13.15171337;13.29327393;13.46430874;13.73498154;14.09996605;14.4926815;14.8547411;15.10549164;15.12906742;15.27566242;15.5812521;15.8311367;16.12765503;16.37074089;16.56176376;16.70675278;17.05486107;17.48078728;17.83916855;18.08270836
Non-wood forest products: average value per hectare per year (current US$);DNK;Denmark;10.46432781;10.77107811;10.80043125;10.9889183;10.95105553;11.14750099;11.33050728;11.38187027;11.61148167;11.90724182;12.30235195;12.72882938;13.04217052;13.31298542;13.4492836;13.72162724;14.05948353;14.20235348;14.51231861;14.72669506;14.88769245;15.07981777;15.46122837;15.92845058;16.08312035;16.365242
Non-wood forest products: average value per hectare per year (current US$);EST;Estonia;5.841126919;5.835511684;5.803602695;5.779141426;5.707725048;5.777210712;5.700905323;5.547961235;5.495130062;5.517492771;5.363259792;5.421873093;5.416732788;5.398509979;5.412612438;5.41378212;5.485641479;5.495961666;5.584254265;5.626925468;5.658157825;5.647519112;5.681232929;5.777826309;5.850111485;5.919975758
Non-wood forest products: average value per hectare per year (current US$);FRO;Faroe_Islands;16.79902267;17.11475945;17.36810684;17.58728409;17.86985207;18.24235725;18.66882133;19.00274086;19.39421082;19.99819565;20.65459061;21.33073807;21.9691143;22.46300507;22.6345787;23.0117321;23.49546814;23.90765572;24.36043358;24.78380775;25.03293991;25.3134079;25.82074547;26.39017105;26.86553764;27.31934357
Non-wood forest products: average value per hectare per year (current US$);FIN;Finland;13.47089386;13.63629818;13.82808399;13.86265278;13.86348724;13.98046875;14.03259468;14.03632641;14.15000725;14.37611294;14.48425674;14.80323601;15.04563141;15.16309547;15.222085;15.38322735;15.69588757;15.91821671;16.16814041;16.43183899;16.55738068;16.6531105;16.6490097;16.81731415;16.91233444;17.11878777
Non-wood forest products: average value per hectare per year (current US$);FRA;France;12.19179535;12.62333584;12.95830631;13.21190071;13.61754704;14.0769062;14.54369068;14.8714304;15.33545876;15.9384079;16.59760284;17.28449059;17.94145203;18.4065094;18.68057442;19.12710381;19.68506622;20.19712257;20.78675461;21.30059624;21.75481224;22.10389709;22.71287537;23.47853851;24.11623001;24.63659286
Non-wood forest products: average value per hectare per year (current US$);DEU;Germany;26.24524117;26.77872849;27.30980682;27.62144661;27.96549988;28.64089584;29.2444191;29.67088699;30.27975273;31.00708008;31.95148849;32.91584778;33.7761116;34.38348007;34.53329849;34.98052597;35.61009979;36.2337532;36.84039307;37.45248795;37.83211899;38.13147736;38.85103226;39.77499771;40.49456787;41.0111351
Non-wood forest products: average value per hectare per year (current US$);GIB;Gibraltar;19.77172852;19.6457653;12.6313467;11.78209305;10.59905529;11.22194958;12.4804697;14.14648342;14.58075428;14.99593258;15.20598125;14.80854702;13.43899441;13.03627682;11.80927849;11.2425375;11.49210262;11.75546265;11.9612999;12.39394093;12.85034466;12.7982893;13.30632305;14.5036726;15.03539467;15.42019463
Non-wood forest products: average value per hectare per year (current US$);GRC;Greece;6.645616531;6.74871254;6.812777996;6.835080624;6.891400337;6.974337101;7.05642128;7.005034447;6.946694374;6.934201717;6.974261761;7.099902153;7.152614594;7.289338589;7.270884991;7.401721478;7.561420441;7.713628769;7.869603157;8.077271461;8.134792328;8.492001534;8.715308189;9.026970863;9.24335289;9.489674568
Non-wood forest products: average value per hectare per year (current US$);GGY;Guernsey;32.18709183;33.27562714;34.06296921;34.563591;35.93877411;36.88484192;39.2862854;39.89855957;40.81064987;42.03092957;43.50379944;44.846138;45.76281357;45.91099167;46.20525742;46.76055527;46.68302536;47.52968979;48.25737381;48.51823044;49.00366211;48.56977463;49.08166122;49.71583176;49.51742935;50.11421585
Non-wood forest products: average value per hectare per year (current US$);HUN;Hungary;4.942802906;5.00280571;5.123095512;5.147681236;5.203877926;5.335113525;5.564527512;5.7714324;5.956911564;6.156957626;6.342153072;6.511799335;6.671504021;6.82370472;6.816508293;6.912456512;7.035209656;7.156946659;7.28766489;7.392502308;7.459742069;7.498465538;7.628840446;7.798781872;7.926997185;8.054081917
Non-wood forest products: average value per hectare per year (current US$);ISL;Iceland;14.14787483;14.3636446;14.62481308;14.79382706;15.05082893;15.29771519;15.53086662;15.80115509;16.60927391;16.95276833;17.48263359;18.02192307;18.52252007;18.84232903;18.96129417;19.16698837;19.52004433;19.86973;19.51741791;19.67708397;19.87743568;20.02981186;20.40561295;20.90347099;21.58739853;21.85222626
Non-wood forest products: average value per hectare per year (current US$);IRL;Ireland;13.14985085;13.52153301;13.80063248;13.97254562;14.19631863;14.55226994;14.58729172;14.31678295;13.6997242;13.45425797;13.91054535;14.38525486;14.9655323;15.17191505;15.30817795;15.76019478;15.97210026;16.32235146;16.66142654;17.07168961;17.33669853;17.67362595;18.20361328;18.79177475;19.41322327;19.79847527
Non-wood forest products: average value per hectare per year (current US$);IMN;Isle_of_Man;22.54281998;23.10180664;23.50402451;23.77178192;24.12673569;24.73967361;25.36835289;25.41655922;25.96483421;26.73041534;27.62323189;28.58421516;29.63451385;30.5389328;31.31365013;32.06592941;33.11724854;33.89838791;34.56719208;35.33488846;35.77494431;36.07846832;36.80056763;37.69267273;38.36701202;38.87725449
Non-wood forest products: average value per hectare per year (current US$);ITA;Italy;19.04221153;19.54564857;19.96783257;20.32549667;20.63195419;21.10994911;21.63895988;22.02083778;22.6142292;23.37138939;24.25157166;25.12933159;25.87508583;26.49851608;26.68153;27.12918091;27.68798447;28.22215271;28.76830292;29.24186707;29.56543159;29.85745621;30.4501133;31.2110672;31.81006432;32.21232224
Non-wood forest products: average value per hectare per year (current US$);JEY;Jersey;34.96765137;35.97151947;36.78914642;37.69290543;38.71126938;39.58831787;42.10092163;43.2491684;44.10279083;45.44125748;46.93297958;48.48184204;49.86687851;50.91563797;51.24198151;51.96189499;53.13310242;54.27587891;55.22624969;55.39184952;55.57437134;56.1313324;56.93615723;57.41570282;58.40929413;58.5365715
Non-wood forest products: average value per hectare per year (current US$);XKX;Kosovo;3.139156818;3.151055098;3.18809104;3.233005285;3.285749674;3.363571644;3.448965073;3.519176245;3.596589804;3.702983379;3.832680702;3.984414101;4.095700264;4.191319942;4.224864006;4.304108143;4.42320013;4.529673576;4.628638744;4.746364117;4.92071867;4.87977457;4.986498356;5.191175938;5.25997448;5.336106777
Non-wood forest products: average value per hectare per year (current US$);LVA;Latvia;5.729279041;5.621557236;5.628941536;5.617662907;5.611203671;5.67841053;5.634097099;5.324540138;4.964222431;4.792614937;4.731189728;4.813620567;4.896604538;4.977791309;4.98532629;5.010177612;5.098067284;5.157185555;5.23530674;5.309386253;5.369824886;5.399679661;5.510202885;5.63820982;5.761767864;5.823904514
Non-wood forest products: average value per hectare per year (current US$);LIE;Liechtenstein;27.27202606;27.77136803;28.2461834;28.56410789;28.80875587;29.46145248;30.12518883;30.50007248;31.10206032;30.91924858;31.8888092;32.87276077;33.76116943;34.40869141;34.62923431;35.04541016;35.4263382;36.08901215;36.72092819;37.4075737;37.78184128;38.16048813;38.88473129;39.81369019;40.52585602;41.11048889
Non-wood forest products: average value per hectare per year (current US$);LTU;Lithuania;5.396166801;5.450084209;5.520309925;5.532316208;5.507123947;5.577299118;5.225529194;4.909329414;4.730852604;4.778393745;4.935764313;5.077142239;5.202850819;5.289486408;5.309986115;5.39804554;5.473676205;5.524643421;5.612789631;5.699697971;5.754899979;5.773385048;5.887759686;5.978618145;6.074011803;6.136334896
Non-wood forest products: average value per hectare per year (current US$);LUX;Luxembourg;31.48389053;31.99893761;32.61785126;33.35536957;33.68975067;34.61191177;35.38625717;35.94194412;37.40697861;37.77608109;39.00431442;40.21565628;41.38604355;42.18154144;42.51643372;43.01770782;44.00795364;44.96300125;45.88033295;46.86320114;47.39276886;47.87282562;48.84083176;50.13456345;50.99934006;52.5957489
Non-wood forest products: average value per hectare per year (current US$);MKD;Macedonia;2.642820597;2.688507557;2.719057798;2.725162506;2.712839842;2.757707357;2.817974806;2.884044886;2.926939964;2.978608847;3.086854458;3.149569273;3.231677055;3.284236431;3.386357069;3.343699932;3.412520409;3.479524612;3.541411161;3.611257315;3.649606466;3.682519436;3.750702381;3.837190628;3.949701548;3.955108404
Non-wood forest products: average value per hectare per year (current US$);MLT;Malta;19.22454262;19.57653809;21.76395798;21.91344833;22.49606705;23.65629578;24.19937134;26.47175026;27.17909241;30.75601387;31.3737812;31.95166969;32.36789322;33.01697159;33.46738815;32.57681656;33.50944138;34.21773911;34.88612366;35.61099625;36.09628677;36.52428436;37.67803955;39.44701004;41.09632111;41.67420197
Non-wood forest products: average value per hectare per year (current US$);MDA;Moldova;2.758512735;2.80431962;2.827316761;2.842781067;2.934081554;3.09228611;3.101323128;3.188497782;3.244349003;3.314370632;3.412356615;3.581499815;3.618161201;3.724578142;3.71733737;3.777429342;3.833719492;3.898946524;4.00324297;4.035833836;4.077694893;4.287273884;4.685916901;4.737555027;4.801004887;5.006134033
Non-wood forest products: average value per hectare per year (current US$);MNE;Montenegro;3.265663862;3.233482838;3.191215992;3.136845589;3.10109663;3.112145901;3.122246981;3.113003016;3.145325899;3.206525803;3.29257679;3.37924695;3.464707375;3.519713163;3.533772707;3.638024569;3.644160986;3.767566681;3.763668299;3.822925329;3.872301817;3.893541574;3.957690716;4.042209148;4.113865376;4.154929638
Non-wood forest products: average value per hectare per year (current US$);NLD;Netherlands;31.43413544;32.13743591;32.68662643;33.03770828;33.46552658;34.22990036;35.02445221;35.5702858;36.32518005;37.33729172;38.6084938;39.82521439;40.80187607;41.50351715;42.10507584;42.4697113;43.09526062;43.88594437;44.70381165;45.45075607;45.90537643;46.34434128;47.25937653;48.31215286;49.26383591;49.89673615
Non-wood forest products: average value per hectare per year (current US$);NOR;Norway;11.10426712;11.23950195;11.3883419;11.56011391;11.81654644;12.20464897;12.48364735;12.70678806;13.00362492;13.37850571;13.76919651;14.19167805;14.5554533;14.80724525;14.93127823;15.12516403;15.44152737;15.70241165;15.9978466;16.32771301;16.5020237;16.68927956;17.02964401;17.35127068;17.75093079;17.97789383
Non-wood forest products: average value per hectare per year (current US$);POL;Poland;5.374717236;5.475444794;5.518579006;5.599215031;5.634662151;5.760015965;5.957349777;6.06068325;6.23071003;6.375784397;6.536152363;6.720171452;6.86105442;6.974357128;6.946580887;6.986411095;7.135729313;7.230644703;7.349313259;7.45339489;7.52232933;7.596060753;7.75013113;7.959285259;8.101066589;8.238479614
Non-wood forest products: average value per hectare per year (current US$);PRT;Portugal;6.63561058;6.535830498;6.498123646;6.435770988;6.385127544;6.360895634;6.331479549;6.21987772;6.245713711;6.392363071;6.450811386;6.529856205;6.663066864;6.712872028;6.746688843;6.881099224;6.935555458;7.019329548;7.15179491;7.232887268;7.30689764;7.373466969;7.525587559;7.686702251;7.863239288;7.935016632
Non-wood forest products: average value per hectare per year (current US$);ROU;Romania;3.351558208;3.380613565;3.380649805;3.410673857;3.413130283;3.464648008;3.580942631;3.676902771;3.798500538;3.909899235;4.019894123;4.140315533;4.243553638;4.312551498;4.327899933;4.367558479;4.457814693;4.499845982;4.573754311;4.62663269;4.655889034;4.743476868;5.089000225;5.11120224;5.04585743;5.070735931
Non-wood forest products: average value per hectare per year (current US$);RUS;Russia;1.825301051;1.849120617;1.869595051;1.881290913;1.898412585;1.931046247;1.938941002;1.945318937;1.963900208;2.000479221;2.05039072;2.106038809;2.152365446;2.18370223;2.195232153;2.214911461;2.257757187;2.290378809;2.327070951;2.365781069;2.380879402;2.397225857;2.441910744;2.497196913;2.512086153;2.542562723
Non-wood forest products: average value per hectare per year (current US$);SMR;San_Marino;28.68048477;29.20099258;29.80409241;30.13955116;30.7262516;31.49463463;32.20417786;31.7497673;32.25651169;33.08475876;34.24404144;35.19864655;36.44314194;37.97143173;38.2153511;38.65129089;40.23823166;41.22609711;42.34604645;42.9299469;44.1271019;44.56933975;45.40678787;47.30744934;48.37002563;49.29260254
Non-wood forest products: average value per hectare per year (current US$);SRB;Serbia;2.658571243;2.701554298;2.747481346;2.746340752;2.756932497;2.807193279;2.874310493;2.89551425;2.91420126;2.991344929;3.058024883;3.140120506;3.202509165;3.271041632;3.266278028;3.333280802;3.383350134;3.43523407;3.510660172;3.562595606;3.615718603;3.628834963;3.729515791;3.875005722;3.977279663;4.01525116
Non-wood forest products: average value per hectare per year (current US$);SVK;Slovakia;6.058318138;6.152884007;6.257126808;6.365593433;6.530287743;6.76806736;7.193791866;7.298835754;7.427829266;7.627943516;7.837460518;8.054457664;8.259119987;8.447390556;8.471305847;8.534406662;8.746905327;8.881266594;9.065138817;9.210690498;9.316679955;9.357069969;9.567454338;9.793725014;9.975687027;10.17170715
Non-wood forest products: average value per hectare per year (current US$);SVN;Slovenia;6.261973381;6.386898518;6.526546001;6.622406483;6.619868755;6.861271858;6.968138695;7.168405056;7.630349159;8.01196003;8.229448318;8.497995377;8.840605736;9.000332832;9.027877808;9.172477722;9.369387627;9.618909836;9.841226578;10.06652832;10.28201199;10.45765209;10.81140709;11.16850853;11.62601662;12.0392065
Non-wood forest products: average value per hectare per year (current US$);ESP;Spain;7.044268608;6.921726227;6.725365639;6.571490288;6.429135323;6.436485767;6.464056492;6.500394821;6.617280006;6.768743992;6.984138489;7.18415451;7.326715469;7.431952953;7.445589542;7.528981686;7.62951231;7.720114708;7.867256641;7.977097988;8.105686188;8.181873322;8.368823051;8.594939232;8.795539856;8.98443985
Non-wood forest products: average value per hectare per year (current US$);SJM;Svalbard_and_Jan_Mayen;0;0;0;0;0;0;0;0;0;0;0;0;0;0;0;0;0;0;0;0;0;0;0;0;0;0
Non-wood forest products: average value per hectare per year (current US$);SWE;Sweden;11.05845642;11.23243618;11.35475159;11.41692066;11.49485111;11.67376804;11.5761776;11.19941235;11.17714596;11.12456226;11.22854614;11.52611732;11.76992893;11.96201992;11.98126507;12.11673069;12.35737705;12.53773212;12.75217915;12.96396542;13.08753681;13.20829582;13.409585;13.71272182;13.90901566;14.06202316
Non-wood forest products: average value per hectare per year (current US$);CHE;Switzerland;35.48034668;36.41630936;37.26750183;37.78404999;38.41859436;39.54065323;40.38488388;41.10705566;41.99923706;43.22312927;44.7638855;46.256073;47.60876083;48.79187775;49.26712036;49.85552597;51.00140762;51.96313095;53.04940414;54.18335724;54.77404404;55.40910339;56.69384003;58.12927628;59.24734497;60.23773956
Non-wood forest products: average value per hectare per year (current US$);UKR;Ukraine;1.802643776;1.847726583;1.875458241;1.898159266;1.909272909;1.962187409;2.027479649;2.080162287;2.161867619;2.248397112;2.315235615;2.384429455;2.441570044;2.487427473;2.500522375;2.526662588;2.580213785;2.612251282;2.66590476;2.703220129;2.734286785;2.747963905;2.797691822;2.858368158;2.908510685;2.953088284
Non-wood forest products: average value per hectare per year (current US$);GBR;United_Kingdom;15.995965;16.37388229;16.52246857;16.82185936;17.01750755;17.39931679;17.83711433;18.19571304;18.59648323;19.11800385;19.79879189;20.51916122;21.18889427;21.62686348;21.83949852;22.18131065;22.71430206;23.15699959;23.67562485;24.14319801;24.51002884;24.89312553;25.51411629;26.26592636;26.91698647;27.42812347
Non-wood forest products: average value per hectare per year (current US$);ALA;"Ã
land";14.56836319;14.76494694;14.66165447;14.78453922;15.19192982;15.60903549;16.25445747;17.53899956;17.2619381;16.82901001;10.47745609;10.71263409;10.13001633;10.49876881;10.76545238;10.96242619;11.32016945;11.65537643;12.00085163;12.49876499;12.87087154;13.29131126;14.34628391;14.94966125;15.54436588;15.53454304
Non-wood forest products: average value per hectare per year (current US$);AIA;Anguilla;0;0;0;0;0;0;0;0;0;0;0;0;0;0;0;0;0;0;0;0;0;0;0;0;0;0
Non-wood forest products: average value per hectare per year (current US$);ATG;Antigua_and_Barbuda;4.454627037;4.596305847;4.668698788;4.785097122;4.852294445;4.965490341;5.126577377;5.186047077;5.174593449;5.65282917;6.22178793;6.41376543;6.65256834;6.783026695;6.735713959;6.864954472;7.012169361;7.159832001;8.032492638;8.949645996;9.449217796;9.498372078;9.678640366;8.664469719;8.819455147;8.925747871
Non-wood forest products: average value per hectare per year (current US$);BHS;Bahamas;5.905910492;6.04778862;6.187949657;6.605313301;6.798099041;6.983181477;7.016184807;7.242119789;7.477082729;7.885592461;8.296685219;8.649752617;9.241836548;9.676213264;9.819680214;10.06528473;10.35157013;10.67293549;10.99631023;11.49609089;11.93529415;12.35096836;13.06304073;13.76538563;14.13639641;14.44942474
Non-wood forest products: average value per hectare per year (current US$);BRB;Barbados;49.28821182;50.3999939;51.30762863;52.29238892;55.28535461;57.83673859;61.71157074;63.18775558;65.99105072;69.24937439;71.29355621;76.14620972;80.99343109;82.43300629;83.89730072;86.75125885;89.1600647;91.0877533;92.83479309;95.24726868;95.99719238;96.90302277;98.65644836;100.610611;102.2056427;103.417717
Non-wood forest products: average value per hectare per year (current US$);BLZ;Belize;10.36207294;10.50775337;10.7126236;10.78902817;10.9599371;11.13185692;11.31215382;11.54655838;11.86961174;12.12001133;12.04799747;11.55324173;11.5001955;11.34672356;11.37007904;11.3705368;11.58062649;11.67677879;11.73883629;11.89057922;11.98636627;12.11661816;12.45384216;12.75896358;12.85055161;13.0750246
Non-wood forest products: average value per hectare per year (current US$);BMU;Bermuda;0;0;0;0;0;0;0;0;0;0;0;0;0;0;0;0;0;0;0;0;0;0;0;0;0;0
Non-wood forest products: average value per hectare per year (current US$);VGB;British_Virgin_Islands;37.27967453;39.1681366;39.8013649;40.22319794;40.9072113;40.78883362;42.06581116;44.91025543;46.46713638;52.10466766;54.07683945;56.15011215;58.24287796;61.09910965;62.6880722;63.62698364;66.50900269;68.47242737;70.29403687;72.66880798;74.28504944;75.88139343;77.31796265;78.82823181;79.76782227;80.00351715
Non-wood forest products: average value per hectare per year (current US$);CAN;Canada;1.595055938;1.619577408;1.641629934;1.655357718;1.674241185;1.707309484;1.732682228;1.752173781;1.775759459;1.811875343;1.86447084;1.917775512;1.96609199;1.99684906;2.006728649;2.029463768;2.070785761;2.107234955;2.142402649;2.180406809;2.201690912;2.204544067;2.237028599;2.286500216;2.318232775;2.342262983
Non-wood forest products: average value per hectare per year (current US$);CYM;Cayman_Islands;17.45031738;17.81593704;18.13991165;18.10533524;18.54063988;20.75769043;21.29526901;22.61014557;24.94578934;26.87117577;28.35700607;29.61560059;30.5866127;34.69119644;35.29714966;36.81325531;38.36958313;39.34957123;39.37613678;42.29089355;44.04073715;44.03186035;44.68004227;45.76095581;46.78787231;47.53730011
Non-wood forest products: average value per hectare per year (current US$);CRI;Costa_Rica;13.41915131;13.70124626;13.96144009;14.09917736;14.29367638;14.59932995;14.92992783;15.0781517;15.32019901;15.62616253;15.60407543;15.61308193;15.79583359;15.90078068;15.87460899;15.80003738;15.80827522;15.68274784;14.90346241;14.248456;13.99776649;14.11278343;14.3415451;14.63412666;14.80843925;15.01042843
Non-wood forest products: average value per hectare per year (current US$);CUB;Cuba;25.41333961;25.95315742;26.79070282;27.58466911;29.25446129;30.04150963;30.69626617;31.12971878;31.53651237;32.02186203;32.60039902;33.58597183;34.30527878;35.11858749;35.6084671;36.31113052;37.20055389;37.73976135;37.93702698;37.74595642;37.95715714;38.88357925;40.18840408;41.4211998;42.42399979;43.2608223
Non-wood forest products: average value per hectare per year (current US$);DMA;Dominica;24.67454338;25.44432068;25.87239838;26.16360474;26.82535744;27.66082191;28.21940804;28.86914444;30.87586403;31.85474777;33.06812668;34.48252106;35.32364273;36.11951447;36.21926498;36.6152916;38.1708107;41.04412079;43.14913177;46.30602646;46.96615982;46.97267532;47.75668335;48.88074875;49.71465683;50.33490372
Non-wood forest products: average value per hectare per year (current US$);DOM;Dominican_Republic;22.56566429;23.03009415;23.16843414;22.74835205;23.26943398;23.78906822;23.91003418;24.47216225;25.31830025;26.36899376;27.45033073;28.24223709;29.12874603;29.79655075;30.03671265;30.18974304;30.52495003;30.04724312;29.4581089;28.7855587;28.40367317;28.660326;28.99549675;29.53244019;29.63563919;29.69731903
Non-wood forest products: average value per hectare per year (current US$);SLV;El_Salvador;12.47907066;12.77813721;13.0075407;13.15336037;13.29471779;13.82092857;14.36248589;14.78028297;15.06198788;15.40715885;13.69108105;12.0164957;10.85406685;10.69979858;10.89178085;10.87409496;11.2182188;11.46453381;11.94883537;12.30591202;12.89373493;13.79553032;15.05413818;16.94161224;19.05585861;21.28336143
Non-wood forest products: average value per hectare per year (current US$);GRL;Greenland;0;0;0;0;0;0;0;0;0;0;0;0;0;0;0;0;0;0;0;0;0;0;0;0;0;0
Non-wood forest products: average value per hectare per year (current US$);GRD;Grenada;4.603854179;4.70960331;4.733968258;4.72583437;4.733430386;4.915669441;4.890440464;4.996987343;5.088585854;5.169924736;5.281262875;5.4557271;5.422533512;4.993215084;5.034968376;4.943582058;4.889870167;4.909892082;4.788181305;3.952340364;3.805332184;3.832909822;3.878730297;3.995718479;4.123325348;4.183907509
Non-wood forest products: average value per hectare per year (current US$);GLP;Guadeloupe;30.43932152;30.49655724;29.91617966;29.66355515;29.99296951;30.68637657;31.58099174;32.17522812;32.82424927;33.70116043;34.77692032;36.53009415;37.84513855;38.88980484;39.52167511;40.34812164;42.76794815;44.77896881;47.91895676;49.92473984;52.0978508;52.8130722;53.83637238;54.69284058;55.36496735;55.95556641
Non-wood forest products: average value per hectare per year (current US$);GTM;Guatemala;10.68391609;10.95882607;11.23287868;11.55944061;11.85366535;12.26431561;12.64359951;12.25804043;11.63192749;10.87487984;9.772883415;9.02844429;8.846529961;9.071704865;9.276515007;9.553220749;9.874083519;10.07042313;10.21494007;10.21265316;10.06760406;10.26004791;10.57647228;11.11248684;11.57471752;12.28631592
Non-wood forest products: average value per hectare per year (current US$);HTI;Haiti;22.01550293;22.58179855;23.0835495;23.24788666;23.5114193;24.07234383;24.3499527;25.65898323;26.89729881;28.19386482;29.52232933;30.84552574;31.77763367;32.58292007;33.10135651;33.85469055;35.0112915;36.37938309;38.19423294;39.69524002;39.90979385;40.21207809;40.68254471;41.60075378;42.46710205;43.03898239
Non-wood forest products: average value per hectare per year (current US$);HND;Honduras;8.490297318;8.634659767;8.78591156;8.880166054;9.003248215;9.228601456;9.498972893;9.747769356;9.985314369;10.29028797;10.4184742;10.16359806;10.30210781;10.29606724;10.24330139;10.03044987;9.750766754;9.549304008;9.523824692;9.685105324;9.823526382;9.951529503;10.18205738;10.45631981;10.65647697;10.8417244
Non-wood forest products: average value per hectare per year (current US$);JAM;Jamaica;18.70905685;19.17697525;19.49641991;19.73043442;20.11226463;20.67679977;21.23744011;21.59298515;21.92349815;22.65824127;23.58979034;24.53609467;25.40433693;25.75410461;25.78434372;25.6818943;26.05606461;26.02561188;26.19175529;26.00327682;26.28725243;26.69473076;27.68701553;28.55692863;29.13249969;29.68396378
Non-wood forest products: average value per hectare per year (current US$);MTQ;Martinique;36.53675079;37.34008789;38.47714233;39.24139786;42.43130875;43.46573257;44.81837082;46.15022278;47.21060181;48.57195663;50.74044037;52.37422562;54.04998779;55.12890625;55.9869957;60.81324005;63.14852524;66.26558685;68.45737457;70.72241211;72.3979187;72.2980957;73.31736755;75.12311554;75.6302948;75.35088348
Non-wood forest products: average value per hectare per year (current US$);MEX;Mexico;5.500981808;5.671839237;5.844210148;5.987462044;6.156699657;6.389689445;6.621744156;6.823623657;7.052981377;7.336530209;7.564355373;7.740315914;7.850814342;8.000061989;8.091691017;8.206642151;8.414839745;8.548567772;8.705961227;8.858172417;8.967832565;9.048093796;9.23293972;9.501072884;9.689037323;9.906450272
Non-wood forest products: average value per hectare per year (current US$);NIC;Nicaragua;5.768719673;5.858874321;5.980387688;6.046693802;6.200652122;6.331075668;6.413959503;6.462715149;6.559208393;6.707380295;6.842505455;6.98200655;7.18806076;7.347340107;7.425913334;7.534398079;7.712198257;7.803747654;7.873421192;7.931879044;8.04196167;8.148901939;8.288469315;8.482450485;8.650647163;8.783582687
Non-wood forest products: average value per hectare per year (current US$);PAN;Panama;5.365970612;5.481599808;5.554235458;5.695684433;5.893776417;6.100529194;6.3222332;6.491407871;6.677143574;6.913012028;7.073523045;7.192636967;7.445714474;7.644634247;7.771197319;7.917007446;8.04381752;8.215904236;8.381921768;8.551955223;8.648430824;8.759475708;8.983476639;9.184886932;9.329540253;9.390496254
Non-wood forest products: average value per hectare per year (current US$);PRI;Puerto_Rico;56.0287056;57.45425415;59.06666183;60.09747696;61.55646896;63.86776733;65.05670929;64.83344269;64.09951782;63.10919189;60.13755035;58.73270416;58.22942734;58.5762825;58.96304703;60.24079132;61.15546417;61.3932457;61.94613266;57.91917801;57.41238022;57.79898834;58.39779663;59.20477295;59.9343338;60.1685257
Non-wood forest products: average value per hectare per year (current US$);KNA;Saint_Kitts_and_Nevis;47.78668976;48.42952728;46.71408081;46.70467377;46.82402802;47.46134949;49.71121216;50.21038055;50.60250092;52.07807922;53.5866394;55.47141647;55.24206924;55.89253235;56.34649658;56.88199615;57.82270813;59.04360199;60.98932648;62.31326294;62.41910553;63.16923141;64.12969971;65.6833725;67.38699341;68.04571533
Non-wood forest products: average value per hectare per year (current US$);LCA;Saint_Lucia;31.87194824;32.77855682;34.39670944;36.39821243;39.19714737;41.20775223;42.56607056;43.28210068;44.63840103;46.42939758;48.49524307;52.04761505;55.42036819;56.88266373;57.91406631;59.4243927;60.01303482;62.88975143;64.95084381;66.79386139;68.29785919;69.0217514;70.25300598;71.81751251;73.17446899;73.96434784
Non-wood forest products: average value per hectare per year (current US$);VCT;Saint_Vincent_and_the_Grenadines;24.73489189;25.69607353;26.168993;26.52145767;28.00394058;29.13489914;29.71897888;30.14142418;31.06472588;31.72629166;33.47683334;35.161129;36.7643013;37.80099106;38.0933876;38.54545975;39.7701149;40.76277924;41.78327179;43.06882477;43.80440521;44.38821411;45.484272;46.59741592;48.16676712;48.75636292
Non-wood forest products: average value per hectare per year (current US$);SXM;Sint_Maarten;40.28224564;40.90656281;46.31257629;49.03518677;49.78930664;50.6487236;51.25533676;51.93007278;53.03649139;54.12898254;54.38870239;55.58465576;57.7081604;58.65945816;59.45648575;60.94875717;62.82182312;64.45468903;66.81881714;70.75271606;72.10671234;73.19718933;74.83150482;76.6316452;78.00239563;79.79818726
Non-wood forest products: average value per hectare per year (current US$);TCA;Turks_and_Caicos_Islands;24.34968948;25.57865143;26.66750145;27.67760277;29.19407845;29.56209564;30.57210541;31.61386681;34.02321243;35.15621948;35.9663887;37.55511856;38.71266174;43.02121735;45.46465683;44.82610321;43.45256424;42.49582291;41.032444;42.70353699;39.83184814;40.0954895;36.8507843;38.08269119;37.72549057;36.74872971
Non-wood forest products: average value per hectare per year (current US$);USA;United_States;5.434235096;5.559945583;5.660718918;5.729422569;5.793313026;5.931557178;6.077659607;6.170341492;6.25838089;6.416979313;6.612406731;6.820220947;6.983001709;7.103402138;7.160394192;7.286018372;7.45364809;7.601859093;7.752440453;7.859467506;7.957620144;7.997755051;8.16488266;8.358345985;8.507832527;8.652977943
Non-wood forest products: average value per hectare per year (current US$);UMI;United_States_Minor_Outlying_Isl;0;0;0;0;0;0;0;0;0;0;0;0;0;0;0;0;0;0;0;0;0;0;0;0;0;0
Non-wood forest products: average value per hectare per year (current US$);VIR;Virgin_Islands,_U_S_;68.65567017;70.18077087;71.65354919;72.82540131;73.36964417;74.8307724;77.60739136;80.0657959;82.27456665;84.56628418;87.60612488;91.0298996;96.46396637;99.84973907;102.0693207;104.5709076;107.0502548;111.218071;114.4985199;116.8522034;85.50674438;86.28509521;87.99714661;90.15234375;91.80764771;93.07276154
Non-wood forest products: average value per hectare per year (current US$);ASM;American_Samoa;26.87438202;27.23478889;27.70442581;27.88573074;28.21063805;28.77993774;29.22572708;29.68120575;30.06679344;30.87389374;31.88838196;32.46231842;33.3104248;33.69765472;33.82919312;34.23575974;34.88024902;35.53270721;36.15488434;36.83094406;37.06437302;37.2124176;37.74988937;38.61566162;39.30639648;39.78012085
Non-wood forest products: average value per hectare per year (current US$);AUS;Australia;4.801045418;4.893424034;4.98537302;5.079481125;5.186488152;5.333714962;5.412819386;5.499987602;5.6240201;5.786142349;5.971630573;6.145821571;6.284943581;6.409439087;6.45273304;6.529093266;6.662047863;6.778784275;6.900830746;7.02304554;7.095188618;7.145867348;7.250252247;7.413880825;7.525425434;7.626979828
Non-wood forest products: average value per hectare per year (current US$);COK;Cook_Islands;0;0;0;0;0;0;0;0;0;0;0;0;0;0;0;0;0;0;0;0;0;0;0;0;0;0
Non-wood forest products: average value per hectare per year (current US$);FJI;Fiji;4.709477901;4.810787201;4.897298336;4.924793243;4.961454868;5.090202808;5.219610214;5.297546864;5.399340153;5.579753399;5.821238518;6.034475327;6.223442078;6.340766907;6.364415169;6.424185276;6.546009541;6.611954689;6.77328968;6.92549181;7.198284149;7.387405396;7.524947643;7.784872532;7.919681072;8.097610474
Non-wood forest products: average value per hectare per year (current US$);PYF;French_Polynesia;5.877639771;5.992605209;6.103694916;6.180223465;6.315757751;6.493404388;6.620383263;6.73012495;6.744912624;6.903779507;7.121191025;7.408578396;7.684426785;7.794870377;7.72115612;7.801474094;7.974429607;8.191514969;8.344976425;8.616337776;9.512251854;9.839220047;10.27297401;11.04015541;11.22546005;11.39802265
Non-wood forest products: average value per hectare per year (current US$);GUM;Guam;45.79048157;46.37199402;47.17163849;47.70257568;48.37480927;49.39307022;50.50585175;51.29297638;52.30535889;53.70941925;55.39363098;57.03768921;58.57916641;59.70269012;60.08535004;60.55950546;61.81774139;62.97408295;64.03341675;65.23078156;65.88343048;66.54370117;67.806633;69.23161316;70.3330307;70.3274765
Non-wood forest products: average value per hectare per year (current US$);KIR;Kiribati;0;0;0;0;0;0;0;0;0;0;0;0;0;0;0;0;0;0;0;0;0;0;0;0;0;0
Non-wood forest products: average value per hectare per year (current US$);FSM;Micronesia;0;0;0;0;0;0;0;0;0;0;0;0;0;0;0;0;0;0;0;0;0;0;0;0;0;0
Non-wood forest products: average value per hectare per year (current US$);NCL;New_Caledonia;7.802022934;7.944999218;8.068649292;8.134293556;8.22355938;8.327119827;8.531044006;8.734573364;8.911030769;9.156394958;9.479019165;9.79069519;10.04378128;10.30203342;10.38511467;10.53670311;10.76265621;10.94200134;11.13987827;11.33095264;11.49397755;11.62864685;11.78294277;12.36117649;12.86394882;13.03350163
Non-wood forest products: average value per hectare per year (current US$);NZL;New_Zealand;7.499145508;7.655388832;7.781092644;7.708656788;7.441552639;7.135426521;7.124139309;7.241765022;7.397659302;7.61202383;7.839336395;8.088425636;8.331337929;8.490159988;8.561489105;8.661323547;8.853149414;9.002752304;9.174350739;9.341299057;9.458107948;9.555321693;9.732032776;9.979432106;10.18040562;10.30307388
Non-wood forest products: average value per hectare per year (current US$);NIU;Niue;7.512762547;7.654025078;7.805189133;7.916543007;8.197967529;8.417405128;8.834194183;9.01102066;9.039434433;9.29834938;9.606782913;9.903207779;10.17981052;10.12184906;10.17461777;10.34851646;10.70504665;10.9052906;11.12563515;11.36831665;11.48205853;11.59713078;11.86837387;11.97835922;12.18271923;12.30640793
Non-wood forest products: average value per hectare per year (current US$);NFK;Norfolk_Island;19.69485664;20.18898201;20.53712082;20.76827621;21.06094742;21.53810883;22.02334023;22.81755257;23.2679081;23.89249992;24.65324783;25.41394234;26.10076904;26.60136986;26.77186966;27.09361649;27.65653992;28.1738739;28.72838974;29.16594315;29.84951401;30.55893898;31.72937965;33.07499313;33.49446106;33.30486679
Non-wood forest products: average value per hectare per year (current US$);MNP;Northern_Mariana_Islands;25.86911583;26.18071175;26.48641396;26.77407455;27.15138054;27.33909607;28.10440063;28.49986839;29.03982353;29.81669617;30.75168419;31.63867188;32.51518631;33.1388092;33.44514084;33.82263565;34.53343582;35.07707596;35.69127274;36.35866928;36.69694901;37.06472778;37.76817322;38.64683533;39.19412231;39.66649628
Non-wood forest products: average value per hectare per year (current US$);PLW;Palau;4.875493526;4.95636797;5.054756165;5.134130001;5.211290836;5.371076584;5.474000454;5.614375114;5.716187954;5.808082581;6.007133484;6.206213951;6.411067486;6.490894318;6.562880993;6.660903931;6.81376791;7.01035738;7.191990376;7.744521141;7.827776909;8.054250717;8.333174706;8.48806572;9.040555954;9.57801342
Non-wood forest products: average value per hectare per year (current US$);PNG;Papua_New_Guinea;4.503673553;4.581563473;4.643756866;4.687378407;4.722121716;4.787965298;4.883197784;4.966506004;5.058536053;5.181686401;5.331398964;5.481276989;5.613782883;5.705682755;5.72866869;5.797365665;5.918320179;6.04609108;6.15784359;6.244330406;6.285698414;6.314772129;6.442353249;6.612618923;6.729914665;6.681252003
Non-wood forest products: average value per hectare per year (current US$);WSM;Samoa;11.52418137;11.79613304;12.02264977;12.20513535;12.45479012;12.73201847;13.08496952;13.29859638;13.60297966;13.97543621;14.50946522;14.89721775;15.30253124;15.55658722;15.73060608;15.94534874;16.28574753;16.5788517;16.87627983;17.19061852;17.36343956;17.53871155;17.85779953;18.31755257;18.51441765;18.67572021
Non-wood forest products: average value per hectare per year (current US$);SLB;Solomon_Islands;5.405395985;5.520959377;5.619551659;5.689253807;5.757718086;5.845995903;6.06958437;6.277384281;6.438551903;6.622422695;6.846815586;7.052401066;7.228295803;7.361531258;7.423401833;7.522676945;7.713915825;7.852334023;7.999116898;8.16336441;8.164868355;8.245960236;8.398967743;8.667075157;8.894806862;8.98787117
Non-wood forest products: average value per hectare per year (current US$);TON;Tonga;8.337003708;8.49316597;8.631666183;8.726023674;8.848992348;9.103665352;9.354998589;9.528280258;9.757253647;10.05169582;10.36981201;10.74066353;11.13415337;11.6643095;12.09973907;12.32117176;12.67925739;13.22200108;13.46557045;14.13222885;14.42361546;15.27474022;15.74854851;16.13481522;16.45808983;16.67153931
Non-wood forest products: average value per hectare per year (current US$);VUT;Vanuatu;4.051589489;4.138857365;4.196529865;4.260033131;4.340027809;4.42219162;4.517455101;4.554637909;4.652529716;5.531430721;5.714318275;5.955059052;6.158359051;6.311446667;6.448365688;6.577462196;6.726424217;6.907230854;7.077576637;7.239169121;7.340507507;7.416495323;7.573074818;7.775413513;7.8302145;7.946984291
Non-wood forest products: average value per hectare per year (current US$);WLF;Wallis_and_Futuna;20.91976547;21.30279922;21.67014694;21.83944321;22.39783669;23.51993942;24.35162926;24.83965874;24.745718;25.0150528;25.18488503;24.66515923;25.24822998;25.7324791;25.89740944;25.83123016;25.8090744;26.29184914;26.53371811;27.65353394;27.93021011;27.91498566;27.7034893;27.89950562;27.01815605;25.08576965
Non-wood forest products: average value per hectare per year (current US$);ARG;Argentina;7.853489399;7.995619297;8.146827698;8.248600006;8.392970085;8.618677139;8.710704803;8.664214134;8.70217514;8.91539669;9.162500381;9.423223495;9.676997185;9.852202415;9.878144264;9.942111015;10.11100292;10.26360321;10.2372818;10.2251997;10.28598976;10.41150951;10.5381031;10.76347542;10.93893623;11.06625271
Non-wood forest products: average value per hectare per year (current US$);ABW;Aruba;33.25522614;33.11146927;33.57702255;33.95494843;34.68141174;36.15839386;37.10540009;39.6933403;40.25054932;42.3679657;40.74219894;41.97834396;27.22317696;26.2982769;24.83680725;23.77684212;23.93347931;24.3293705;26.85613441;27.69843674;27.93091202;28.39626884;28.93519783;30.80448151;30.95941925;31.33254433
Non-wood forest products: average value per hectare per year (current US$);BOL;Bolivia;3.28913331;3.360816956;3.531991482;3.578803062;3.602903128;3.719131231;3.799712658;3.887444019;3.964530468;4.090054989;4.228652477;4.373651028;4.509453773;4.610432625;4.657801628;4.722007751;4.848443985;5.016236305;5.158318043;5.274435997;5.3323102;5.380103111;5.520085812;5.642682552;5.702492714;5.770769596
Non-wood forest products: average value per hectare per year (current US$);BES;Bonaire,_Saint_Eustatius_and_Sab;9.768283844;9.857029915;10.01335144;10.12549591;10.48648834;10.85205746;11.05340767;11.32386494;11.71918011;12.03376389;12.50310326;13.85847759;14.84421635;14.47756767;14.19586945;14.32784748;9.891061783;9.486056328;9.337115288;9.721652985;9.7225914;9.970841408;10.88583469;11.34434605;11.35251904;11.53907394
Non-wood forest products: average value per hectare per year (current US$);BRA;Brazil;3.939246416;4.008124828;4.080576897;4.125542164;4.19907093;4.325995445;4.408281803;4.470406532;4.556776524;4.663099289;4.817068577;4.974797726;5.113974094;5.219509602;5.269724369;5.339450359;5.46761322;5.577610016;5.689562798;5.82063818;5.897386551;5.979748726;6.119530678;6.292749405;6.434040546;6.537057877
Non-wood forest products: average value per hectare per year (current US$);CHL;Chile;5.04861927;5.182927608;5.306559563;5.409384727;5.514395237;5.706501007;5.897075653;6.030715942;6.178073883;6.413496494;6.643260479;6.887479782;7.080662727;7.235186577;7.286162853;7.398663044;7.544775963;7.581734657;7.271270275;7.140390873;7.160825253;7.200267315;7.110388756;7.24450016;7.220337391;7.310693264
Non-wood forest products: average value per hectare per year (current US$);COL;Colombia;4.232506275;4.227081776;4.215295315;4.224947453;4.291176796;4.353261471;4.451683998;4.507867813;4.594316006;4.676805973;4.809730053;4.943078518;5.065233707;5.149156094;5.249783993;5.304339886;5.37005806;5.433492184;5.394477844;5.401783943;5.421904087;5.474900246;5.527318478;5.625285149;5.714506626;5.79473877
Non-wood forest products: average value per hectare per year (current US$);CUW;CuraÃ§ao;15.44788647;15.65856171;16.06543159;16.00426865;17.085186;17.35985184;16.98521042;10.55690575;10.44818306;9.640601158;10.23704338;10.67969322;11.71098995;12.12411118;12.18891335;12.29702187;12.50124931;12.6046772;13.18895531;13.7775383;14.04518318;14.59952545;14.68561554;14.47665977;13.77836323;14.0364933
Non-wood forest products: average value per hectare per year (current US$);ECU;Ecuador;7.152299881;7.057877541;7.145161629;7.259058475;7.38778019;7.633400917;7.808150291;7.927010536;8.089909554;8.33861351;8.608460426;8.887101173;9.202531815;9.481405258;9.592434883;9.79705143;10.12839508;10.47762871;9.617470741;8.261919975;8.139153481;8.239758492;8.359371185;8.527484894;8.555462837;8.679369926
Non-wood forest products: average value per hectare per year (current US$);FLK;Falkland_Islands;1.885309577;1.899409771;1.932355285;1.95159924;1.978196979;2.014411926;2.045678377;2.076152802;2.113800287;2.168669939;2.236055374;2.308263063;2.379762888;2.430699825;2.465513945;2.501742601;2.553560495;2.603335857;2.649620295;2.692372561;2.719126463;2.748227596;2.797617435;2.865124941;2.939814091;2.970387459
Non-wood forest products: average value per hectare per year (current US$);GUF;French_Guiana;3.692372084;3.793689251;3.88029027;3.989378691;4.105415821;4.246836185;4.426860332;4.495868683;4.62579298;5.728765011;7.033793449;7.394015312;7.715471745;7.898426533;7.957882404;8.09739399;8.28823185;8.567901611;8.723425865;8.904630661;9.02745533;9.100197792;9.452277184;9.832500458;10.09689331;10.33951855
Non-wood forest products: average value per hectare per year (current US$);GUY;Guyana;1.619606376;1.688989639;1.7695297;1.847946167;1.953665376;2.035947561;2.098183393;2.165851593;2.22509861;2.607047796;2.705838919;2.816058397;2.91847229;2.992589712;3.028543472;3.081246376;3.151430607;3.24150157;3.310959578;3.377795696;3.403600216;3.752714396;3.835035563;3.963828802;4.028243542;4.067158222
Non-wood forest products: average value per hectare per year (current US$);PRY;Paraguay;2.892182112;2.939988136;2.979207039;3.019847393;3.066381454;3.15027833;3.266003847;3.336101055;3.357437372;3.511732101;3.547571182;3.588597298;3.648079395;3.705737114;4.151941776;4.211070061;4.279388905;4.318344593;4.277998924;4.31025219;4.337470055;4.392870903;4.477186203;4.604928493;4.689230919;4.758359432
Non-wood forest products: average value per hectare per year (current US$);PER;Peru;4.426446915;4.518303871;4.608546734;4.653447151;4.710173607;4.786022663;4.939023972;5.011946201;5.108463764;5.081586838;5.246667862;5.411680222;5.573694706;5.70955801;5.765165806;5.852508068;5.987190723;6.105044365;6.149620056;6.210695744;6.231637001;6.311498642;6.335372925;6.409741879;6.152988434;6.246729851
Non-wood forest products: average value per hectare per year (current US$);SPM;Saint_Pierre_and_Miquelon;0;0;0;0;0;0;0;0;0;0;0;0;0;0;0;0;0;0;0;0;0;0;0;0;0;0
Non-wood forest products: average value per hectare per year (current US$);SUR;Suriname;0.690574586;0.707285643;0.741257906;0.76313293;0.78220278;0.841859162;0.883189857;0.900668442;0.921766758;1.123749495;1.161762714;1.204550028;1.239161015;1.266025782;1.272480607;1.279809237;1.31243515;1.338582039;1.364941716;1.39021492;1.403238297;1.413754225;1.443810344;1.479447961;1.511116147;1.525782347
Non-wood forest products: average value per hectare per year (current US$);TTO;Trinidad_and_Tobago;14.49156284;14.5894413;15.00600338;15.1780262;15.4492197;15.87366772;16.54188538;17.06521988;17.70054054;18.09075546;17.73810387;16.50475693;16.07921028;16.38522339;16.84817696;17.78983307;18.70171928;19.24926186;19.80609703;20.31608772;20.53086281;20.57646751;20.82592201;21.24087524;21.56439209;21.77406502
Non-wood forest products: average value per hectare per year (current US$);URY;Uruguay;6.169014454;6.194998741;6.225947857;6.221572876;6.231551647;6.327764511;6.352522373;6.371459484;6.394764423;6.528037071;6.652365208;6.720748901;6.84488821;6.878067017;6.856089592;6.859162331;6.925154686;6.998754025;7.030946255;7.057563305;7.036244869;7.038955688;7.136208534;7.275409222;7.334720135;7.324355602
Non-wood forest products: average value per hectare per year (current US$);VEN;Venezuela;6.896717548;6.948454857;6.961479187;6.914597034;6.984933853;7.131293774;7.333026886;7.22932291;7.533518314;7.779015541;8.214441299;8.39971447;8.564751625;8.750390053;8.858084679;9.181715965;9.403813362;9.783262253;9.962836266;10.04310989;10.10122395;10.18939972;10.29837132;10.45815659;10.58877659;10.72333908
;;;;;;;;;;;;;;;;;;;;;;;;;;;;
Non-wood forest products: average value per hectare per year (current US$);;East_Asia_&_Pacific;9.189552307;9.330358505;9.470780373;9.564217567;9.661628723;9.867786407;10.00305557;10.0546627;10.1419096;10.36333752;10.60997295;10.82784176;11.02324104;11.15778255;11.15917587;11.24261475;11.42914772;11.54121304;11.63766193;11.73995018;11.80716896;11.95680046;12.11405277;12.37941933;12.60023785;12.71800995
Non-wood forest products: average value per hectare per year (current US$);;Europe_&_Central_Asia;3.320807695;3.372894764;3.416542053;3.438158751;3.468792439;3.529978752;3.563016176;3.5746696;3.617224932;3.692192316;3.789126635;3.898641586;3.991605759;4.059160233;4.082362175;4.128969669;4.213307381;4.283918858;4.362535;4.437784672;4.48359251;4.529610157;4.622796059;4.740020752;4.814784527;4.886470318
Non-wood forest products: average value per hectare per year (current US$);;Latin_America_&_Caribbean;4.708987713;4.79084444;4.881485462;4.936801434;5.032571316;5.173759937;5.295891285;5.363517284;5.472597599;5.619623184;5.783668995;5.935630322;6.081518173;6.205131531;6.278740406;6.371631622;6.512259007;6.639242172;6.701292992;6.763048649;6.820389271;6.911554813;7.037957191;7.211268425;7.312965393;7.431138039
Non-wood forest products: average value per hectare per year (current US$);;Middle_East_&_North_Africa;8.779032707;8.70005703;8.598117828;8.455765724;8.454004288;8.560474396;8.700631142;8.79484272;8.858643532;8.963365555;8.982825279;9.176298141;9.289818764;9.423316002;9.384348869;9.598773003;9.93098259;10.22293758;10.63014603;10.76800251;10.84334087;11.12147808;11.4450407;12.05190372;12.50643539;12.72153473
Non-wood forest products: average value per hectare per year (current US$);;North_America;3.090373278;3.154962778;3.207881689;3.242148161;3.279513597;3.355141878;3.424744844;3.471166372;3.519552231;3.603682041;3.710093737;3.822177172;3.913212538;3.977454424;4.004970074;4.067766666;4.15829134;4.238476753;4.31788826;4.38322401;4.43501997;4.454239845;4.538511276;4.636126518;4.705601215;4.775849819
Non-wood forest products: average value per hectare per year (current US$);;South_Asia;15.31018162;15.58013058;15.83900261;15.96058655;16.13373566;16.4277935;15.68758869;15.26777267;15.10009766;14.97151852;15.18540573;15.36954689;15.4230423;15.30422974;15.05969238;15.0197916;15.08550835;15.13600826;14.75044441;14.20994663;13.97245312;13.99082375;14.03239727;14.16726398;14.23377514;14.23574257
Non-wood forest products: average value per hectare per year (current US$);;Sub-Saharan_Africa;4.541686535;4.661821365;4.784552574;4.911360741;5.036534786;5.218588829;5.445129871;5.622258663;5.798312664;6.043007851;6.31353426;6.592079639;6.855996609;7.070196629;7.199917316;7.370785713;7.6279006;7.878223419;8.113654137;8.367264748;8.548152924;8.74659729;9.028058052;9.314609528;9.524860382;9.628558159
;;;;;;;;;;;;;;;;;;;;;;;;;;;;
Non-wood forest products: average value per hectare per year (current US$);;Africa;4.492328644;4.608563423;4.727491379;4.849718094;4.971925735;5.150229454;5.372271061;5.545850277;5.717675209;5.955841064;6.220998287;6.494320869;6.751567364;6.960770607;7.086560726;7.252942085;7.505506992;7.750947475;7.981018066;8.228253365;8.405946732;8.60125351;8.878220558;9.161921501;9.370416641;9.475031853
Non-wood forest products: average value per hectare per year (current US$);;Americas;4.010151863;4.083308697;4.156256199;4.200700283;4.267649174;4.37886858;4.475958347;4.533084869;4.614147663;4.730446339;4.873756886;5.008599758;5.130766392;5.22788763;5.280409336;5.360774994;5.479719639;5.587178707;5.657809258;5.722109795;5.777769089;5.838068962;5.947089195;6.090117931;6.181749344;6.27974844
Non-wood forest products: average value per hectare per year (current US$);;Antartica;0.194259435;0.197816268;0.201227412;0.203492329;0.206359982;0.211035311;0.21578972;0.219152793;0.223478258;0.229477197;0.236673117;0.243975833;0.250569433;0.255375236;0.257012039;0.260100871;0.265504956;0.270471394;0.275207311;0.280353457;0.283158422;0.285996199;0.291424096;0.298386216;0.303723633;0.307384133
Non-wood forest products: average value per hectare per year (current US$);;Asia;10.83551502;11.00099373;11.16428089;11.26241112;11.36690426;11.59549332;11.614398;11.59105778;11.63569832;11.81885052;12.06896973;12.29399681;12.48354053;12.58911419;12.55098915;12.62311649;12.80809593;12.91720009;12.95106411;12.96336079;12.99228382;13.14371777;13.29974747;13.56838417;13.79865265;13.91958904
Non-wood forest products: average value per hectare per year (current US$);;Europe;3.2866714;3.338503361;3.382183313;3.404476166;3.435198784;3.497208118;3.528218269;3.539618969;3.581695557;3.649636745;3.738302708;3.844431639;3.93462491;3.999959946;4.022657394;4.067275047;4.148109913;4.214062691;4.289467812;4.363761902;4.406284809;4.448450089;4.536281109;4.649125576;4.718047142;4.784950256
Non-wood forest products: average value per hectare per year (current US$);;Oceania;4.912158966;5.005351543;5.09163332;5.161025524;5.225471973;5.322295666;5.40429306;5.494846821;5.612712383;5.772176266;5.952807903;6.1273036;6.273382664;6.392074585;6.432621002;6.509041309;6.643814564;6.766075611;6.88959074;7.006334305;7.074567318;7.124438286;7.241492271;7.418776989;7.542406082;7.606731892
;;;;;;;;;;;;;;;;;;;;;;;;;;;;
Non-wood forest products: average value per hectare per year (current US$);;World;4.811813354;4.90080452;4.985726833;5.044831753;5.116006851;5.241402149;5.331122875;5.386201382;5.469102383;5.607088089;5.771093845;5.934673786;6.08031559;6.189604759;6.234340668;6.31869936;6.460174084;6.581168652;6.678402424;6.773186684;6.844506264;6.939092159;7.080448627;7.263475895;7.39669323;7.490762711
